{
  "version": "3.0.0",
  "description": "RSS 多目标优化配置（Optuna 贝叶斯优化）",
  "optimization_method": "Optuna (TPE)",
  "parameters": {
    "energy_to_stamina_coeff": 2.103838092747795e-05,
    "base_recovery_rate": 0.00039903753631553146,
    "standing_recovery_multiplier": 1.230198230433904,
    "prone_recovery_multiplier": 2.708212909943467,
    "load_recovery_penalty_coeff": 0.00010383697357945833,
    "load_recovery_penalty_exponent": 2.4903764941193423,
    "encumbrance_speed_penalty_coeff": 0.10000020785456447,
    "encumbrance_stamina_drain_coeff": 1.3537649669211573,
    "sprint_stamina_drain_multiplier": 2.4156721376405397,
    "fatigue_accumulation_coeff": 0.005009155084427906,
    "fatigue_max_factor": 2.828087922435366,
    "aerobic_efficiency_factor": 0.8989746013996912,
    "anaerobic_efficiency_factor": 1.2921495752880636,
    "recovery_nonlinear_coeff": 0.6915126289459396,
    "fast_recovery_multiplier": 3.2332420627906795,
    "medium_recovery_multiplier": 1.8138672207425535,
    "slow_recovery_multiplier": 0.674586489038124,
    "marginal_decay_threshold": 0.8958471699908175,
    "marginal_decay_coeff": 1.0930476505707594,
    "min_recovery_stamina_threshold": 0.23567537457194446,
    "min_recovery_rest_time_seconds": 3.810944781933354,
    "sprint_speed_boost": 0.3072053722635179,
    "posture_crouch_multiplier": 2.0560025510418116,
    "posture_prone_multiplier": 3.3433357890841138,
    "jump_stamina_base_cost": 0.027361201643785277,
    "vault_stamina_start_cost": 0.020199557737673384,
    "climb_stamina_tick_cost": 0.01034970195741614,
    "jump_consecutive_penalty": 0.45284498737613177,
    "slope_uphill_coeff": 0.09761066658326609,
    "slope_downhill_coeff": 0.035382628697775934,
    "swimming_base_power": 24.79640491532577,
    "swimming_encumbrance_threshold": 28.204569941236183,
    "swimming_static_drain_multiplier": 3.2987636931968303,
    "swimming_dynamic_power_efficiency": 2.3700379979941264,
    "swimming_energy_to_stamina_coeff": 5.5276856049170844e-05,
    "env_heat_stress_max_multiplier": 1.3561440288220181,
    "env_rain_weight_max": 8.996719096766563,
    "env_wind_resistance_coeff": 0.05958705683111995,
    "env_mud_penalty_max": 0.3818030980321484,
    "env_temperature_heat_penalty_coeff": 0.02332232970072462,
    "env_temperature_cold_recovery_penalty_coeff": 0.04879588998740832
  }
}