{
  "version": "3.0.0",
  "description": "RSS 增强型优化配置（NSGA-II）- StandardMilsim",
  "optimization_method": "NSGA-II (Super Pipeline)",
  "objectives": {
    "playability_burden": 1000000.0,
    "stability_risk": 1000000.0,
    "physiological_realism": 1000000.0
  },
  "parameters": {
    "energy_to_stamina_coeff": 4.802940739672751e-05,
    "base_recovery_rate": 0.0007817633705687752,
    "prone_recovery_multiplier": 2.064388993995633,
    "standing_recovery_multiplier": 2.274471086016117,
    "load_recovery_penalty_coeff": 0.0001551642986254713,
    "load_recovery_penalty_exponent": 1.539484931747534,
    "encumbrance_speed_penalty_coeff": 0.125831883030299,
    "encumbrance_stamina_drain_coeff": 1.5906821678898286,
    "sprint_stamina_drain_multiplier": 3.0264815183406295,
    "fatigue_accumulation_coeff": 0.007531625017197386,
    "fatigue_max_factor": 2.5785342306504013,
    "aerobic_efficiency_factor": 0.9850818008778424,
    "anaerobic_efficiency_factor": 1.2011407174135236,
    "recovery_nonlinear_coeff": 0.30156734998043727,
    "fast_recovery_multiplier": 2.7372585564742398,
    "medium_recovery_multiplier": 1.6813642182884867,
    "slow_recovery_multiplier": 0.7360169044200623,
    "marginal_decay_threshold": 0.8040327002223987,
    "marginal_decay_coeff": 1.080006708290544,
    "min_recovery_stamina_threshold": 0.20519068387744854,
    "min_recovery_rest_time_seconds": 3.243751886141545,
    "sprint_speed_boost": 0.30038887967912736,
    "posture_crouch_multiplier": 2.154382816172827,
    "posture_prone_multiplier": 2.5237970733418913,
    "jump_stamina_base_cost": 0.029978870495937456,
    "vault_stamina_start_cost": 0.018244382286350662,
    "climb_stamina_tick_cost": 0.009336861349040458,
    "jump_consecutive_penalty": 0.48209974273947587,
    "slope_uphill_coeff": 0.06851856646035642,
    "slope_downhill_coeff": 0.032748049624184435,
    "swimming_base_power": 15.14544665667882,
    "swimming_encumbrance_threshold": 20.25742409747216,
    "swimming_static_drain_multiplier": 2.861666083195043,
    "swimming_dynamic_power_efficiency": 1.8410478728306234,
    "swimming_energy_to_stamina_coeff": 5.75186604437241e-05,
    "env_heat_stress_max_multiplier": 1.5213218294072135,
    "env_rain_weight_max": 6.672472390390901,
    "env_wind_resistance_coeff": 0.05049042255505042,
    "env_mud_penalty_max": 0.4567306025482286,
    "env_temperature_heat_penalty_coeff": 0.023972984957497386,
    "env_temperature_cold_recovery_penalty_coeff": 0.05892373787982522
  }
}