{
  "version": "3.0.0",
  "description": "RSS 多目标优化配置（Optuna 贝叶斯优化）",
  "optimization_method": "Optuna (TPE)",
  "parameters": {
    "energy_to_stamina_coeff": 2.2136321180546707e-05,
    "base_recovery_rate": 0.0004710623149331063,
    "standing_recovery_multiplier": 1.9830137043321308,
    "prone_recovery_multiplier": 2.658984822586258,
    "load_recovery_penalty_coeff": 0.00010000883343734526,
    "load_recovery_penalty_exponent": 2.421311053696717,
    "encumbrance_speed_penalty_coeff": 0.10000083941888194,
    "encumbrance_stamina_drain_coeff": 1.3483592267763305,
    "sprint_stamina_drain_multiplier": 3.3527002442316474,
    "fatigue_accumulation_coeff": 0.005301819765109668,
    "fatigue_max_factor": 2.868173909486861,
    "aerobic_efficiency_factor": 0.9342432262554884,
    "anaerobic_efficiency_factor": 1.2986924738072836,
    "recovery_nonlinear_coeff": 0.6063133801984941,
    "fast_recovery_multiplier": 2.6676068901044943,
    "medium_recovery_multiplier": 1.88295811192677,
    "slow_recovery_multiplier": 0.894668893960818,
    "marginal_decay_threshold": 0.7977300161599461,
    "marginal_decay_coeff": 1.069843194363604,
    "min_recovery_stamina_threshold": 0.16032974300664005,
    "min_recovery_rest_time_seconds": 3.654945269219964,
    "sprint_speed_boost": 0.30958619465189824,
    "posture_crouch_multiplier": 2.101261756385815,
    "posture_prone_multiplier": 3.327731103569364,
    "jump_stamina_base_cost": 0.027066677098167874,
    "vault_stamina_start_cost": 0.01715903384316815,
    "climb_stamina_tick_cost": 0.009191393997222264,
    "jump_consecutive_penalty": 0.467960985534554,
    "slope_uphill_coeff": 0.09855595091580215,
    "slope_downhill_coeff": 0.0369517231002467,
    "swimming_base_power": 24.674404058697842,
    "swimming_encumbrance_threshold": 25.242502326678302,
    "swimming_static_drain_multiplier": 3.28587848546173,
    "swimming_dynamic_power_efficiency": 2.392313542648821,
    "swimming_energy_to_stamina_coeff": 5.670848038881217e-05,
    "env_heat_stress_max_multiplier": 1.3551147136389254,
    "env_rain_weight_max": 8.24623787776538,
    "env_wind_resistance_coeff": 0.05578585602127326,
    "env_mud_penalty_max": 0.33735324786481014,
    "env_temperature_heat_penalty_coeff": 0.018806375860738734,
    "env_temperature_cold_recovery_penalty_coeff": 0.04665189462420917
  }
}