{
  "version": "3.0.0",
  "description": "RSS 增强型优化配置（NSGA-II）- TacticalAction",
  "optimization_method": "NSGA-II (Super Pipeline)",
  "objectives": {
    "playability_burden": 123.8750631951965,
    "stability_risk": 9223.546177553952
  },
  "parameters": {
    "energy_to_stamina_coeff": 1.5206450010375587e-05,
    "base_recovery_rate": 7.796566276759692e-05,
    "prone_recovery_multiplier": 1.6126065513636747,
    "standing_recovery_multiplier": 1.359408958134036,
    "load_recovery_penalty_coeff": 2.0758683851380777e-06,
    "load_recovery_penalty_exponent": 1.6492103021160636,
    "encumbrance_speed_penalty_coeff": 0.1895253855118508,
    "encumbrance_speed_penalty_exponent": 2.166737530194319,
    "encumbrance_speed_penalty_max": 0.929194901660998,
    "encumbrance_stamina_drain_coeff": 1.249844695428445,
    "fatigue_accumulation_coeff": 0.008342519328419734,
    "fatigue_max_factor": 2.8028986922841903,
    "recovery_nonlinear_coeff": 0.23415750311167158,
    "slow_recovery_multiplier": 0.7889667618321834,
    "medium_recovery_multiplier": 0.8639776458932887,
    "fast_recovery_multiplier": 4.394575893476737,
    "marginal_decay_threshold": 0.7086319823901152,
    "marginal_decay_coeff": 1.139114311369807,
    "min_recovery_stamina_threshold": 0.20277011090862998,
    "min_recovery_rest_time_seconds": 24.859295922386007,
    "sprint_speed_boost": 0.28516575953147794,
    "posture_crouch_multiplier": 1.7538542844013207,
    "posture_prone_multiplier": 3.9478143105524683,
    "jump_height_guess": 0.6661684909191041,
    "jump_horizontal_speed_guess": 0.9440979572028938,
    "slope_uphill_coeff": 0.0878299475593847,
    "slope_downhill_coeff": 0.029090821295355465,
    "swimming_base_power": 21.275580800840636,
    "swimming_encumbrance_threshold": 25.843143119231,
    "swimming_static_drain_multiplier": 3.401158010490989,
    "swimming_dynamic_power_efficiency": 1.545446380341458,
    "swimming_energy_to_stamina_coeff": 4.561926379184461e-05,
    "env_heat_stress_max_multiplier": 1.5801645936306237,
    "env_rain_weight_max": 9.561055135563665,
    "env_wind_resistance_coeff": 0.04822627011142852,
    "env_mud_penalty_max": 0.42402651956030735,
    "env_temperature_heat_penalty_coeff": 0.017773811829811328,
    "env_temperature_cold_recovery_penalty_coeff": 0.04376242319447523
  }
}