{
  "version": "3.0.0",
  "description": "RSS 增强型优化配置（NSGA-II）- StandardMilsim",
  "optimization_method": "NSGA-II (Super Pipeline)",
  "objectives": {
    "playability_burden": 1177.1884438798131,
    "stability_risk": 7650.0
  },
  "parameters": {
    "energy_to_stamina_coeff": 3.0265337969563792e-05,
    "base_recovery_rate": 0.0004475502516034703,
    "prone_recovery_multiplier": 2.529993266742613,
    "standing_recovery_multiplier": 1.984527950344009,
    "load_recovery_penalty_coeff": 0.00012006273832912313,
    "load_recovery_penalty_exponent": 1.3335257117395856,
    "encumbrance_speed_penalty_coeff": 0.10028944410419988,
    "encumbrance_stamina_drain_coeff": 0.8069247935515617,
    "sprint_stamina_drain_multiplier": 4.804898004656696,
    "fatigue_accumulation_coeff": 0.017554979422976742,
    "fatigue_max_factor": 2.8803239788032786,
    "aerobic_efficiency_factor": 0.8838456647116071,
    "anaerobic_efficiency_factor": 1.2221211277123643,
    "recovery_nonlinear_coeff": 0.687124541288223,
    "fast_recovery_multiplier": 3.4883146663592117,
    "medium_recovery_multiplier": 2.146451090799627,
    "slow_recovery_multiplier": 0.9362987179176496,
    "marginal_decay_threshold": 0.8880920387112783,
    "marginal_decay_coeff": 1.124693478760589,
    "min_recovery_stamina_threshold": 0.23669460143678803,
    "min_recovery_rest_time_seconds": 4.936146099497652,
    "sprint_speed_boost": 0.3042754588389501,
    "posture_crouch_multiplier": 0.516143363699651,
    "posture_prone_multiplier": 0.4596346682324443,
    "jump_stamina_base_cost": 0.025979384857862026,
    "vault_stamina_start_cost": 0.019170280672000665,
    "climb_stamina_tick_cost": 0.01024601461296585,
    "jump_consecutive_penalty": 0.4029657908719264,
    "slope_uphill_coeff": 0.061129666198461545,
    "slope_downhill_coeff": 0.039091770601674,
    "swimming_base_power": 22.539443944820988,
    "swimming_encumbrance_threshold": 24.861681966829188,
    "swimming_static_drain_multiplier": 2.8846600339303228,
    "swimming_dynamic_power_efficiency": 2.148375479689191,
    "swimming_energy_to_stamina_coeff": 4.663066395576775e-05,
    "env_heat_stress_max_multiplier": 1.4783260005188683,
    "env_rain_weight_max": 7.4600805778576955,
    "env_wind_resistance_coeff": 0.04768760922469151,
    "env_mud_penalty_max": 0.34958346415176084,
    "env_temperature_heat_penalty_coeff": 0.015458592336727844,
    "env_temperature_cold_recovery_penalty_coeff": 0.05259418358158886
  }
}