{
  "version": "3.0.0",
  "description": "RSS 增强型优化配置（NSGA-II）- EliteStandard",
  "optimization_method": "NSGA-II (Super Pipeline)",
  "objectives": {
    "playability_burden": 141.16172052154144,
    "stability_risk": 1351.667230368796
  },
  "parameters": {
    "energy_to_stamina_coeff": 4.5802885005819015e-05,
    "base_recovery_rate": 2.7960504065588413e-05,
    "prone_recovery_multiplier": 2.298631831618616,
    "standing_recovery_multiplier": 1.3762080066652087,
    "load_recovery_penalty_coeff": 0.0004771810650033684,
    "load_recovery_penalty_exponent": 1.9270009679242954,
    "encumbrance_speed_penalty_coeff": 0.16479485563366714,
    "encumbrance_speed_penalty_exponent": 2.6840665887528425,
    "encumbrance_speed_penalty_max": 0.6865268874996232,
    "encumbrance_stamina_drain_coeff": 1.5483028256033116,
    "fatigue_accumulation_coeff": 0.0058657330271827835,
    "fatigue_max_factor": 2.6329056307452117,
    "recovery_nonlinear_coeff": 0.1766280901811409,
    "slow_recovery_multiplier": 0.7478202890757586,
    "medium_recovery_multiplier": 1.7493323008209436,
    "fast_recovery_multiplier": 3.7017660008895428,
    "marginal_decay_threshold": 0.7072320761049524,
    "marginal_decay_coeff": 1.0803128355945328,
    "min_recovery_stamina_threshold": 0.1763112569910843,
    "min_recovery_rest_time_seconds": 12.202728149430381,
    "sprint_speed_boost": 0.2861349922734687,
    "posture_crouch_multiplier": 2.136957823031063,
    "posture_prone_multiplier": 3.2414638092110395,
    "jump_height_guess": 0.5138670174606165,
    "jump_horizontal_speed_guess": 0.5954722756114251,
    "slope_uphill_coeff": 0.07788810162019343,
    "slope_downhill_coeff": 0.032011886667212344,
    "swimming_base_power": 20.156794276964977,
    "swimming_encumbrance_threshold": 29.193919732144174,
    "swimming_static_drain_multiplier": 2.99696348290583,
    "swimming_dynamic_power_efficiency": 2.4921580148233127,
    "swimming_energy_to_stamina_coeff": 5.702849915490192e-05,
    "env_heat_stress_max_multiplier": 1.2834042057429342,
    "env_rain_weight_max": 9.722380858575665,
    "env_wind_resistance_coeff": 0.034654655915419046,
    "env_mud_penalty_max": 0.4634899416982383,
    "env_temperature_heat_penalty_coeff": 0.018806232934765802,
    "env_temperature_cold_recovery_penalty_coeff": 0.05755948640890139
  }
}