{
  "version": "3.0.0",
  "description": "RSS 增强型优化配置（NSGA-II）- StandardMilsim",
  "optimization_method": "NSGA-II (Super Pipeline)",
  "objectives": {
    "playability_burden": 125.12412818546089,
    "stability_risk": 1550.0502323540686
  },
  "parameters": {
    "energy_to_stamina_coeff": 2.0180394182357636e-05,
    "base_recovery_rate": 0.0003620974105575302,
    "prone_recovery_multiplier": 3.0988317579379583,
    "standing_recovery_multiplier": 1.6473482354272133,
    "load_recovery_penalty_coeff": 5.42639697817875e-06,
    "load_recovery_penalty_exponent": 1.590230666869087,
    "encumbrance_speed_penalty_coeff": 0.1433168676328032,
    "encumbrance_speed_penalty_exponent": 1.1831641466532683,
    "encumbrance_speed_penalty_max": 0.9045224665042335,
    "encumbrance_stamina_drain_coeff": 0.9641823571027537,
    "fatigue_accumulation_coeff": 0.02744090241488434,
    "fatigue_max_factor": 2.1690086594369333,
    "recovery_nonlinear_coeff": 0.2110797573031718,
    "slow_recovery_multiplier": 0.6625702842135075,
    "medium_recovery_multiplier": 1.8538877112578693,
    "fast_recovery_multiplier": 3.7941147324449243,
    "marginal_decay_threshold": 0.8613122295722899,
    "marginal_decay_coeff": 1.1158783366710716,
    "min_recovery_stamina_threshold": 0.21922765645178524,
    "min_recovery_rest_time_seconds": 21.983913031306386,
    "sprint_speed_boost": 0.29747676062014305,
    "posture_crouch_multiplier": 1.6894249636431407,
    "posture_prone_multiplier": 2.676056051093324,
    "jump_height_guess": 0.9913676055976528,
    "jump_horizontal_speed_guess": 1.41608900952992,
    "slope_uphill_coeff": 0.061577072454740235,
    "slope_downhill_coeff": 0.034111503450313774,
    "swimming_base_power": 24.25248317415666,
    "swimming_encumbrance_threshold": 21.805753451273336,
    "swimming_static_drain_multiplier": 3.0679452305526294,
    "swimming_dynamic_power_efficiency": 2.415488297588042,
    "swimming_energy_to_stamina_coeff": 4.067891957171598e-05,
    "env_heat_stress_max_multiplier": 1.4789681068987361,
    "env_rain_weight_max": 7.189396029490203,
    "env_wind_resistance_coeff": 0.06697584781506122,
    "env_mud_penalty_max": 0.4942116490330736,
    "env_temperature_heat_penalty_coeff": 0.024442664891134343,
    "env_temperature_cold_recovery_penalty_coeff": 0.049484284333149275
  }
}