{
  "version": "3.0.0",
  "description": "RSS 增强型优化配置（NSGA-II）- StandardMilsim",
  "optimization_method": "NSGA-II (Super Pipeline)",
  "objectives": {
    "playability_burden": 97.5,
    "stability_risk": 257.91041666666666
  },
  "parameters": {
    "energy_to_stamina_coeff": 3.0109035394079973e-05,
    "base_recovery_rate": 0.0002473327717324868,
    "prone_recovery_multiplier": 2.7083510114898446,
    "standing_recovery_multiplier": 1.3530460249739762,
    "load_recovery_penalty_coeff": 0.00013300885819174523,
    "load_recovery_penalty_exponent": 1.132981590349533,
    "encumbrance_speed_penalty_coeff": 0.2916655372962773,
    "encumbrance_stamina_drain_coeff": 0.9172487304641103,
    "sprint_stamina_drain_multiplier": 4.073141424922933,
    "fatigue_accumulation_coeff": 0.0159324526950213,
    "fatigue_max_factor": 2.9295698792397675,
    "aerobic_efficiency_factor": 0.9105999348238167,
    "anaerobic_efficiency_factor": 1.276821555594858,
    "recovery_nonlinear_coeff": 0.6393670905722044,
    "fast_recovery_multiplier": 1.9056278643290168,
    "medium_recovery_multiplier": 1.0458191025878638,
    "slow_recovery_multiplier": 0.6391341792082769,
    "marginal_decay_threshold": 0.7830156258015598,
    "marginal_decay_coeff": 1.0649095678671434,
    "min_recovery_stamina_threshold": 0.2457819323813259,
    "min_recovery_rest_time_seconds": 3.6968785297895876,
    "sprint_speed_boost": 0.26122727583289096,
    "posture_crouch_multiplier": 0.5946781138403325,
    "posture_prone_multiplier": 0.4455497442712384,
    "jump_stamina_base_cost": 0.039534811304586394,
    "vault_stamina_start_cost": 0.024443322357482918,
    "climb_stamina_tick_cost": 0.010323655592985113,
    "jump_consecutive_penalty": 0.5251179166939506,
    "slope_uphill_coeff": 0.08442993979817238,
    "slope_downhill_coeff": 0.03431700031053622,
    "swimming_base_power": 23.271581484276233,
    "swimming_encumbrance_threshold": 27.619697445971536,
    "swimming_static_drain_multiplier": 2.762814274552942,
    "swimming_dynamic_power_efficiency": 2.066185984317375,
    "swimming_energy_to_stamina_coeff": 4.09045926184043e-05,
    "env_heat_stress_max_multiplier": 1.2007490975676673,
    "env_rain_weight_max": 7.402597131816075,
    "env_wind_resistance_coeff": 0.03965856912796864,
    "env_mud_penalty_max": 0.4437207481380391,
    "env_temperature_heat_penalty_coeff": 0.015623177250491857,
    "env_temperature_cold_recovery_penalty_coeff": 0.043590565849873336
  }
}