{
  "version": "3.0.0",
  "description": "RSS 增强型优化配置（NSGA-II）- EliteStandard",
  "optimization_method": "NSGA-II (Super Pipeline)",
  "objectives": {
    "playability_burden": 1000000.0,
    "stability_risk": 1000000.0,
    "physiological_realism": 1000000.0
  },
  "parameters": {
    "energy_to_stamina_coeff": 4.0069251303756056e-05,
    "base_recovery_rate": 0.00041813315078237444,
    "prone_recovery_multiplier": 1.5106377191615565,
    "standing_recovery_multiplier": 2.020376032495561,
    "load_recovery_penalty_coeff": 0.0005927779879778355,
    "load_recovery_penalty_exponent": 1.2932166007200063,
    "encumbrance_speed_penalty_coeff": 0.13193326987343015,
    "encumbrance_stamina_drain_coeff": 1.7480998999657253,
    "sprint_stamina_drain_multiplier": 4.155839646379118,
    "fatigue_accumulation_coeff": 0.005418490338701199,
    "fatigue_max_factor": 2.4338204856934222,
    "aerobic_efficiency_factor": 0.9325160128834402,
    "anaerobic_efficiency_factor": 1.3159263199618807,
    "recovery_nonlinear_coeff": 0.6078925673187521,
    "fast_recovery_multiplier": 2.8487481541380886,
    "medium_recovery_multiplier": 1.4402139761038983,
    "slow_recovery_multiplier": 0.7841458808019064,
    "marginal_decay_threshold": 0.7812925435904144,
    "marginal_decay_coeff": 1.127183603523011,
    "min_recovery_stamina_threshold": 0.1983877264564259,
    "min_recovery_rest_time_seconds": 4.590129306088336,
    "sprint_speed_boost": 0.34077612436501786,
    "posture_crouch_multiplier": 1.843708403935542,
    "posture_prone_multiplier": 2.761895998786135,
    "jump_stamina_base_cost": 0.04151069683040831,
    "vault_stamina_start_cost": 0.02291310714312667,
    "climb_stamina_tick_cost": 0.00880364535874209,
    "jump_consecutive_penalty": 0.561023841750933,
    "slope_uphill_coeff": 0.09400530938740148,
    "slope_downhill_coeff": 0.02578300668908302,
    "swimming_base_power": 24.52260078362324,
    "swimming_encumbrance_threshold": 20.498601463991644,
    "swimming_static_drain_multiplier": 2.6499092532471398,
    "swimming_dynamic_power_efficiency": 2.0375811380515145,
    "swimming_energy_to_stamina_coeff": 5.1515849422446196e-05,
    "env_heat_stress_max_multiplier": 1.4580600333203613,
    "env_rain_weight_max": 6.067876517261865,
    "env_wind_resistance_coeff": 0.06841467098488521,
    "env_mud_penalty_max": 0.3089176185468288,
    "env_temperature_heat_penalty_coeff": 0.016430619527234024,
    "env_temperature_cold_recovery_penalty_coeff": 0.04028029035052114
  }
}