{
  "version": "3.0.0",
  "description": "RSS 增强型优化配置（NSGA-II）- TacticalAction",
  "optimization_method": "NSGA-II (Super Pipeline)",
  "objectives": {
    "playability_burden": 1000000.0,
    "stability_risk": 1000000.0,
    "physiological_realism": 1000000.0
  },
  "parameters": {
    "energy_to_stamina_coeff": 3.932070180165501e-05,
    "base_recovery_rate": 0.0007617596181048869,
    "prone_recovery_multiplier": 2.925910720406334,
    "standing_recovery_multiplier": 1.860156832184929,
    "load_recovery_penalty_coeff": 0.00033190146528586415,
    "load_recovery_penalty_exponent": 1.8968910439566395,
    "encumbrance_speed_penalty_coeff": 0.1586421543396129,
    "encumbrance_stamina_drain_coeff": 1.194397454443899,
    "sprint_stamina_drain_multiplier": 4.279540603369485,
    "fatigue_accumulation_coeff": 0.01925002000511614,
    "fatigue_max_factor": 2.687368565588773,
    "aerobic_efficiency_factor": 1.0142350842750743,
    "anaerobic_efficiency_factor": 1.1910427463719107,
    "recovery_nonlinear_coeff": 0.4977681218810326,
    "fast_recovery_multiplier": 2.2460470080133157,
    "medium_recovery_multiplier": 1.5297173293942414,
    "slow_recovery_multiplier": 0.6324591504120132,
    "marginal_decay_threshold": 0.8775408365516599,
    "marginal_decay_coeff": 1.0850915012552078,
    "min_recovery_stamina_threshold": 0.16170670164276058,
    "min_recovery_rest_time_seconds": 1.5719667282113434,
    "sprint_speed_boost": 0.3261510631717472,
    "posture_crouch_multiplier": 2.1091090316581305,
    "posture_prone_multiplier": 2.2606736056736745,
    "jump_stamina_base_cost": 0.02668213612229995,
    "vault_stamina_start_cost": 0.0220096913145912,
    "climb_stamina_tick_cost": 0.008291052025456774,
    "jump_consecutive_penalty": 0.5643720118580713,
    "slope_uphill_coeff": 0.08824968908625985,
    "slope_downhill_coeff": 0.021626975612837995,
    "swimming_base_power": 15.84837714085192,
    "swimming_encumbrance_threshold": 29.866395785011754,
    "swimming_static_drain_multiplier": 2.87427079575612,
    "swimming_dynamic_power_efficiency": 1.8706421470668908,
    "swimming_energy_to_stamina_coeff": 5.625599134515005e-05,
    "env_heat_stress_max_multiplier": 1.5788994309535436,
    "env_rain_weight_max": 9.944004255291484,
    "env_wind_resistance_coeff": 0.06013512741035767,
    "env_mud_penalty_max": 0.37525191710618316,
    "env_temperature_heat_penalty_coeff": 0.015835007166986687,
    "env_temperature_cold_recovery_penalty_coeff": 0.055542938318548736
  }
}