{
  "version": "3.0.0",
  "description": "RSS 多目标优化配置（Optuna 贝叶斯优化）",
  "optimization_method": "Optuna (TPE)",
  "parameters": {
    "energy_to_stamina_coeff": 2.1602374315299596e-05,
    "base_recovery_rate": 0.0005594636855400839,
    "standing_recovery_multiplier": 1.454103596107983,
    "prone_recovery_multiplier": 2.0319574204046313,
    "load_recovery_penalty_coeff": 0.00013785554509543064,
    "load_recovery_penalty_exponent": 1.2817952774371295,
    "encumbrance_speed_penalty_coeff": 0.10000021828253805,
    "encumbrance_stamina_drain_coeff": 1.5545176252713293,
    "sprint_stamina_drain_multiplier": 2.641095820537161,
    "fatigue_accumulation_coeff": 0.005486671317978193,
    "fatigue_max_factor": 1.776399722670408,
    "aerobic_efficiency_factor": 0.8799537490264532,
    "anaerobic_efficiency_factor": 1.3095674007757465,
    "recovery_nonlinear_coeff": 0.652893408162896,
    "fast_recovery_multiplier": 4.175969953517584,
    "medium_recovery_multiplier": 2.1126019623012016,
    "slow_recovery_multiplier": 0.9284640934024873,
    "marginal_decay_threshold": 0.8467047433319688,
    "marginal_decay_coeff": 1.143268147889779,
    "min_recovery_stamina_threshold": 0.20321619421757497,
    "min_recovery_rest_time_seconds": 2.6225205795542608,
    "sprint_speed_boost": 0.33931862291903286,
    "posture_crouch_multiplier": 1.8096112789391114,
    "posture_prone_multiplier": 2.7311341035513417,
    "jump_stamina_base_cost": 0.03790806154437072,
    "vault_stamina_start_cost": 0.020981307085418018,
    "climb_stamina_tick_cost": 0.009005368209606436,
    "jump_consecutive_penalty": 0.48680321995175085,
    "slope_uphill_coeff": 0.07133754090895301,
    "slope_downhill_coeff": 0.029978064190229897,
    "swimming_base_power": 20.004888143688643,
    "swimming_encumbrance_threshold": 24.01536838080056,
    "swimming_static_drain_multiplier": 3.3304883266185477,
    "swimming_dynamic_power_efficiency": 1.9791233110777726,
    "swimming_energy_to_stamina_coeff": 5.124309402514939e-05,
    "env_heat_stress_max_multiplier": 1.4623230892855232,
    "env_rain_weight_max": 7.856942513029486,
    "env_wind_resistance_coeff": 0.041849478251438914,
    "env_mud_penalty_max": 0.30772820410739915,
    "env_temperature_heat_penalty_coeff": 0.0186957056887091,
    "env_temperature_cold_recovery_penalty_coeff": 0.05247954480405007
  }
}