{
  "version": "3.0.0",
  "description": "RSS 增强型优化配置（NSGA-II）- EliteStandard",
  "optimization_method": "NSGA-II (Super Pipeline)",
  "objectives": {
    "playability_burden": 200000.0,
    "stability_risk": 94.5761875241082
  },
  "parameters": {
    "energy_to_stamina_coeff": 8.396467889981447e-07,
    "base_recovery_rate": 0.00015542092339557054,
    "prone_recovery_multiplier": 2.654318835172125,
    "standing_recovery_multiplier": 1.4799298518226687,
    "load_recovery_penalty_coeff": 1.0799146964324495e-06,
    "load_recovery_penalty_exponent": 1.1048511643368173,
    "encumbrance_speed_penalty_coeff": 0.11882615149526883,
    "encumbrance_speed_penalty_max": 0.6007489570335135,
    "encumbrance_stamina_drain_coeff": 0.9620984426657002,
    "fatigue_accumulation_coeff": 0.013257399000879683,
    "fatigue_max_factor": 1.932732615574425,
    "recovery_nonlinear_coeff": 0.29873577365418996,
    "slow_recovery_multiplier": 0.5653931539855932,
    "medium_recovery_multiplier": 1.141876137632614,
    "fast_recovery_multiplier": 1.4000896837073278,
    "marginal_decay_threshold": 0.7589541157432379,
    "marginal_decay_coeff": 1.1359617459600622,
    "min_recovery_stamina_threshold": 0.21884245413956133,
    "min_recovery_rest_time_seconds": 22.50536407731233,
    "sprint_speed_boost": 0.287340131006555,
    "posture_crouch_multiplier": 1.7278083154210795,
    "posture_prone_multiplier": 2.1834038983840918,
    "jump_height_guess": 0.8048509133893036,
    "jump_horizontal_speed_guess": 1.4553567370888358,
    "swimming_base_power": 23.15359479050288,
    "swimming_encumbrance_threshold": 20.352781667510065,
    "swimming_static_drain_multiplier": 2.816659694644234,
    "swimming_dynamic_power_efficiency": 1.5285796904505236,
    "swimming_energy_to_stamina_coeff": 4.080333933861971e-05,
    "env_heat_stress_max_multiplier": 1.2318061216657654,
    "env_rain_weight_max": 7.1053077158822475,
    "env_wind_resistance_coeff": 0.042168110705525244,
    "env_mud_penalty_max": 0.38009070264697764,
    "env_temperature_heat_penalty_coeff": 0.019049310944662962,
    "env_temperature_cold_recovery_penalty_coeff": 0.05542818023686362,
    "load_metabolic_dampening": 0.549491135252615,
    "max_recovery_per_tick": 0.0002630962463217031,
    "slope_uphill_coeff": 0.08,
    "slope_downhill_coeff": 0.03
  }
}