{
  "version": "3.0.0",
  "description": "RSS 增强型优化配置（NSGA-II）- StandardMilsim",
  "optimization_method": "NSGA-II (Super Pipeline)",
  "objectives": {
    "playability_burden": 14.16533877991473,
    "stability_risk": 0.0
  },
  "parameters": {
    "energy_to_stamina_coeff": 3.6763650679356465e-05,
    "base_recovery_rate": 0.0004711937949776941,
    "prone_recovery_multiplier": 2.5979909127171075,
    "standing_recovery_multiplier": 1.5986584841970366,
    "load_recovery_penalty_coeff": 0.0001432249371823026,
    "load_recovery_penalty_exponent": 1.3119890406724053,
    "encumbrance_speed_penalty_coeff": 0.1116167224336399,
    "encumbrance_stamina_drain_coeff": 1.8394113749299221,
    "sprint_stamina_drain_multiplier": 3.2022300234864174,
    "fatigue_accumulation_coeff": 0.017781056670396787,
    "fatigue_max_factor": 1.5308767414437037,
    "aerobic_efficiency_factor": 0.9939819704323989,
    "anaerobic_efficiency_factor": 1.416221320400211,
    "recovery_nonlinear_coeff": 0.38493564427131044,
    "fast_recovery_multiplier": 2.9272774770449703,
    "medium_recovery_multiplier": 1.6834045098534338,
    "slow_recovery_multiplier": 0.7129695700716764,
    "marginal_decay_threshold": 0.8049512863264475,
    "marginal_decay_coeff": 1.0931945018642115,
    "min_recovery_stamina_threshold": 0.17912291401980418,
    "min_recovery_rest_time_seconds": 3.447411578889518,
    "sprint_speed_boost": 0.2639493860652042,
    "posture_crouch_multiplier": 0.6460723242676091,
    "posture_prone_multiplier": 0.4198171059762151,
    "jump_stamina_base_cost": 0.03412139968434072,
    "vault_stamina_start_cost": 0.022851759613930135,
    "climb_stamina_tick_cost": 0.00879869512863344,
    "jump_consecutive_penalty": 0.5028468876827223,
    "slope_uphill_coeff": 0.0836965827544817,
    "slope_downhill_coeff": 0.020929008254399955,
    "swimming_base_power": 21.075448519014383,
    "swimming_encumbrance_threshold": 21.705241236872915,
    "swimming_static_drain_multiplier": 2.5650515929852795,
    "swimming_dynamic_power_efficiency": 2.448885537253333,
    "swimming_energy_to_stamina_coeff": 5.931264066149119e-05,
    "env_heat_stress_max_multiplier": 1.5233589392465845,
    "env_rain_weight_max": 7.218455076693482,
    "env_wind_resistance_coeff": 0.033906884560255354,
    "env_mud_penalty_max": 0.43684660530243136,
    "env_temperature_heat_penalty_coeff": 0.01940152493739601,
    "env_temperature_cold_recovery_penalty_coeff": 0.042440764696895575
  }
}