{
  "version": "3.0.0",
  "description": "RSS 增强型优化配置（NSGA-II）- EliteStandard",
  "optimization_method": "NSGA-II (Super Pipeline)",
  "objectives": {
    "realism_loss": 1.1216544472140548e-13,
    "playability_burden": 0.0,
    "stability_risk": 0.0
  },
  "parameters": {
    "energy_to_stamina_coeff": 2.5096604609649454e-05,
    "base_recovery_rate": 0.0001816958700683698,
    "prone_recovery_multiplier": 2.5085559495684375,
    "standing_recovery_multiplier": 1.3586405832804491,
    "load_recovery_penalty_coeff": 0.0007290014602919822,
    "load_recovery_penalty_exponent": 1.3608685853742322,
    "encumbrance_speed_penalty_coeff": 0.268943840565396,
    "encumbrance_stamina_drain_coeff": 1.8137105993060687,
    "sprint_stamina_drain_multiplier": 2.242932466823926,
    "fatigue_accumulation_coeff": 0.013063127550472764,
    "fatigue_max_factor": 2.880532401510938,
    "aerobic_efficiency_factor": 0.8074646887581678,
    "anaerobic_efficiency_factor": 1.0904998568252304,
    "recovery_nonlinear_coeff": 0.37244092496471043,
    "fast_recovery_multiplier": 3.330009771423533,
    "medium_recovery_multiplier": 1.9057683458241905,
    "slow_recovery_multiplier": 0.5814388696444566,
    "marginal_decay_threshold": 0.702012471924647,
    "marginal_decay_coeff": 1.0862916031696088,
    "min_recovery_stamina_threshold": 0.23879598798143867,
    "min_recovery_rest_time_seconds": 4.6377632917835045,
    "sprint_speed_boost": 0.3276463916532439,
    "posture_crouch_multiplier": 0.9024091385805966,
    "posture_prone_multiplier": 0.7590874139544492,
    "jump_stamina_base_cost": 0.04342191371791824,
    "vault_stamina_start_cost": 0.02102799662706866,
    "climb_stamina_tick_cost": 0.008232947740813889,
    "jump_consecutive_penalty": 0.5868103607366453,
    "slope_uphill_coeff": 0.08841009406957957,
    "slope_downhill_coeff": 0.03558399223337308,
    "swimming_base_power": 15.115058384133127,
    "swimming_encumbrance_threshold": 29.863440561012048,
    "swimming_static_drain_multiplier": 2.6920995730225807,
    "swimming_dynamic_power_efficiency": 1.9086889274415404,
    "swimming_energy_to_stamina_coeff": 5.6102538684427996e-05,
    "env_heat_stress_max_multiplier": 1.3221000337219642,
    "env_rain_weight_max": 6.206455175108638,
    "env_wind_resistance_coeff": 0.06923488186393224,
    "env_mud_penalty_max": 0.3975838411241434,
    "env_temperature_heat_penalty_coeff": 0.023782551061137344,
    "env_temperature_cold_recovery_penalty_coeff": 0.05179159951566899
  }
}