{
  "energy_to_stamina_coeff": 1.551503277670929e-07,
  "base_recovery_rate": 8.940392041579735e-05,
  "standing_recovery_multiplier": 0.8957750816085025,
  "crouching_recovery_multiplier": 1.6139421597874695,
  "prone_recovery_multiplier": 1.7381048124324794,
  "fast_recovery_multiplier": 1.4081089216613891,
  "medium_recovery_multiplier": 0.968546404121078,
  "slow_recovery_multiplier": 0.34760222071131314,
  "encumbrance_speed_penalty_coeff": 0.24834104887902708,
  "encumbrance_stamina_drain_coeff": 2.356673522323635,
  "load_recovery_penalty_coeff": 0.00011586747556209374,
  "posture_crouch_multiplier": 3.4626995912274707,
  "posture_prone_multiplier": 3.572163497016922,
  "sprint_speed_boost": 0.18640371643405085,
  "recovery_nonlinear_coeff": 0.5396207274211399,
  "max_recovery_per_tick": 0.0004196989082863305,
  "willpower_threshold": 0.3186352964954036,
  "sprint_enable_threshold": 0.19126127170129462,
  "critical_power_watts": 988.7385227545035,
  "w_prime_max_joules": 28887.361332937562,
  "w_prime_recovery_w_per_s": 14.105611274464042,
  "sprint_power_cap_watts": 2481.794079397291,
  "v5_walk_speed_ms": 1.4,
  "v5_run_speed_ms": 2.8,
  "v5_sprint_speed_ms": 4.5,
  "_metrics_v6": {
    "sustain_ease": 1.7813567662538887,
    "mobility_ease": 0.014758332309900184,
    "combat_ease": 0.8201016083925353,
    "recovery_ease": 0.0009933152504110463,
    "param_drift": 3.211643294876855
  },
  "_philosophy": "战斗/恢复折中 → 拟真与可玩性平衡"
}