{
  "version": "3.0.0",
  "description": "RSS 增强型优化配置（NSGA-II）- TacticalAction",
  "optimization_method": "NSGA-II (Super Pipeline)",
  "objectives": {
    "playability_burden": 196.37032892239517,
    "stability_risk": 147.92912552588254
  },
  "parameters": {
    "energy_to_stamina_coeff": 5.126342936943546e-07,
    "base_recovery_rate": 0.000253217735933047,
    "prone_recovery_multiplier": 2.8632131803366185,
    "standing_recovery_multiplier": 1.1567841477614096,
    "load_recovery_penalty_coeff": 0.000366596868894226,
    "load_recovery_penalty_exponent": 1.304253283409762,
    "encumbrance_speed_penalty_coeff": 0.14434242324990731,
    "encumbrance_speed_penalty_max": 0.5388920995437136,
    "encumbrance_stamina_drain_coeff": 1.278035499621776,
    "fatigue_accumulation_coeff": 0.005282957699677724,
    "fatigue_max_factor": 1.9929968180548738,
    "recovery_nonlinear_coeff": 0.503511073646223,
    "slow_recovery_multiplier": 0.6536945933769986,
    "medium_recovery_multiplier": 1.1503367973874892,
    "fast_recovery_multiplier": 2.54910228154623,
    "marginal_decay_threshold": 0.7323965853859649,
    "marginal_decay_coeff": 1.0994420304702581,
    "min_recovery_stamina_threshold": 0.16780295296053635,
    "min_recovery_rest_time_seconds": 6.5513781452426905,
    "sprint_speed_boost": 0.3448292987141264,
    "posture_crouch_multiplier": 1.5665910628337616,
    "posture_prone_multiplier": 2.4944581437773294,
    "jump_height_guess": 0.8940468785671414,
    "jump_horizontal_speed_guess": 0.2268964266940139,
    "swimming_base_power": 15.208368262620809,
    "swimming_encumbrance_threshold": 20.662395020883537,
    "swimming_static_drain_multiplier": 2.95746699230291,
    "swimming_dynamic_power_efficiency": 1.693036162214321,
    "swimming_energy_to_stamina_coeff": 5.475441472336379e-05,
    "env_heat_stress_max_multiplier": 1.2630830578847805,
    "env_rain_weight_max": 7.086605278196775,
    "env_wind_resistance_coeff": 0.03928024805127229,
    "env_mud_penalty_max": 0.31626975612837993,
    "env_temperature_heat_penalty_coeff": 0.016744092671114996,
    "env_temperature_cold_recovery_penalty_coeff": 0.04798102437342308,
    "load_metabolic_dampening": 0.57874953695615,
    "max_recovery_per_tick": 0.00034825685882675637,
    "slope_uphill_coeff": 0.08,
    "slope_downhill_coeff": 0.03
  }
}