{
  "version": "3.0.0",
  "description": "RSS 增强型优化配置（NSGA-II）- EliteStandard",
  "optimization_method": "NSGA-II (Super Pipeline)",
  "objectives": {
    "realism_loss": 0.18322618108643687,
    "playability_burden": 429.91817235191706,
    "stability_risk": 0.0
  },
  "parameters": {
    "energy_to_stamina_coeff": 2.508037099863868e-05,
    "base_recovery_rate": 0.0003357678294230716,
    "standing_recovery_multiplier": 1.8714232212264432,
    "prone_recovery_multiplier": 2.0043159019508017,
    "load_recovery_penalty_coeff": 0.0006080941924055783,
    "load_recovery_penalty_exponent": 1.0524986085726233,
    "encumbrance_speed_penalty_coeff": 0.278056781966141,
    "encumbrance_stamina_drain_coeff": 0.8037891252910432,
    "sprint_stamina_drain_multiplier": 3.9113381780780863,
    "fatigue_accumulation_coeff": 0.0050184168642410775,
    "fatigue_max_factor": 2.5034721370389597,
    "aerobic_efficiency_factor": 0.8018211516978062,
    "anaerobic_efficiency_factor": 1.0016664977695515,
    "recovery_nonlinear_coeff": 0.5610069239778726,
    "fast_recovery_multiplier": 2.3232018595841133,
    "medium_recovery_multiplier": 1.432031247652379,
    "slow_recovery_multiplier": 0.6386124889340292,
    "marginal_decay_threshold": 0.8569756168198073,
    "marginal_decay_coeff": 1.1119038557044196,
    "min_recovery_stamina_threshold": 0.15147818851196643,
    "min_recovery_rest_time_seconds": 3.6754073155773823,
    "sprint_speed_boost": 0.2930470331877545,
    "posture_crouch_multiplier": 1.5599038843126563,
    "posture_prone_multiplier": 2.5701666945922748,
    "jump_stamina_base_cost": 0.03058325999917611,
    "vault_stamina_start_cost": 0.01955424003068952,
    "climb_stamina_tick_cost": 0.010191620250287116,
    "jump_consecutive_penalty": 0.4424095549517529,
    "slope_uphill_coeff": 0.09161717971791491,
    "slope_downhill_coeff": 0.03485142415389542,
    "swimming_base_power": 24.00678657318654,
    "swimming_encumbrance_threshold": 20.28608990352589,
    "swimming_static_drain_multiplier": 2.9246320289689773,
    "swimming_dynamic_power_efficiency": 1.6700085507496998,
    "swimming_energy_to_stamina_coeff": 5.308703841214557e-05,
    "env_heat_stress_max_multiplier": 1.2537832649321075,
    "env_rain_weight_max": 9.066963499341083,
    "env_wind_resistance_coeff": 0.044564384521036116,
    "env_mud_penalty_max": 0.38182350751336025,
    "env_temperature_heat_penalty_coeff": 0.02459536966747394,
    "env_temperature_cold_recovery_penalty_coeff": 0.04991479149185116
  }
}