{
  "version": "3.0.0",
  "description": "RSS 增强型优化配置（NSGA-II）- StandardMilsim",
  "optimization_method": "NSGA-II (Super Pipeline)",
  "objectives": {
    "playability_burden": 27.44887280876373,
    "stability_risk": 4.717871111366755
  },
  "parameters": {
    "energy_to_stamina_coeff": 7.771503481803587e-07,
    "base_recovery_rate": 0.00010411261902648129,
    "prone_recovery_multiplier": 2.061391610996205,
    "standing_recovery_multiplier": 1.6047804109524049,
    "load_recovery_penalty_coeff": 2.40273545212125e-05,
    "load_recovery_penalty_exponent": 1.5055417234297395,
    "encumbrance_speed_penalty_coeff": 0.18330782545877647,
    "encumbrance_speed_penalty_exponent": 1.345509292023934,
    "encumbrance_speed_penalty_max": 0.8689477280243469,
    "encumbrance_stamina_drain_coeff": 0.9680308273638627,
    "sprint_stamina_drain_multiplier": 2.9008124443157497,
    "fatigue_accumulation_coeff": 0.005721788504950337,
    "fatigue_max_factor": 2.3178166182261,
    "aerobic_efficiency_factor": 0.9839491614851279,
    "anaerobic_efficiency_factor": 1.4764886540381164,
    "recovery_nonlinear_coeff": 0.29786723917920016,
    "slow_recovery_multiplier": 0.6623308749362453,
    "medium_recovery_multiplier": 1.0831542542925836,
    "fast_recovery_multiplier": 1.1921168788310472,
    "marginal_decay_threshold": 0.8122411306197739,
    "marginal_decay_coeff": 1.1096098527670095,
    "min_recovery_stamina_threshold": 0.1909979725886567,
    "min_recovery_rest_time_seconds": 4.353930762263296,
    "sprint_speed_boost": 0.29296231571915415,
    "posture_crouch_multiplier": 1.754842190371608,
    "posture_prone_multiplier": 3.5277965355182297,
    "jump_stamina_base_cost": 0.04307952343753155,
    "vault_stamina_start_cost": 0.023839183964342786,
    "climb_stamina_tick_cost": 0.010034961157720568,
    "jump_consecutive_penalty": 0.5286322902326683,
    "slope_uphill_coeff": 0.07576950944517204,
    "slope_downhill_coeff": 0.029363555257604007,
    "swimming_base_power": 24.062657925730495,
    "swimming_encumbrance_threshold": 29.30703993192474,
    "swimming_static_drain_multiplier": 3.39541405806702,
    "swimming_dynamic_power_efficiency": 1.6383708618136383,
    "swimming_energy_to_stamina_coeff": 5.700168042661272e-05,
    "env_heat_stress_max_multiplier": 1.5793454924085921,
    "env_rain_weight_max": 7.444998778294419,
    "env_wind_resistance_coeff": 0.05074585157686677,
    "env_mud_penalty_max": 0.4558190511625992,
    "env_temperature_heat_penalty_coeff": 0.02062078137565649,
    "env_temperature_cold_recovery_penalty_coeff": 0.059869670434124986
  }
}