{
  "energy_to_stamina_coeff": 8.434428854839838e-07,
  "base_recovery_rate": 9.974887352419638e-05,
  "standing_recovery_multiplier": 0.7058283164406323,
  "crouching_recovery_multiplier": 1.2829357879972036,
  "prone_recovery_multiplier": 1.763360931794363,
  "fast_recovery_multiplier": 1.6421595877294946,
  "medium_recovery_multiplier": 0.8565141504259915,
  "slow_recovery_multiplier": 0.3941349956454063,
  "encumbrance_speed_penalty_coeff": 0.31940788092580363,
  "encumbrance_stamina_drain_coeff": 2.128754759548274,
  "load_recovery_penalty_coeff": 0.00023006297912790094,
  "posture_crouch_multiplier": 2.284166945019997,
  "posture_prone_multiplier": 3.804169830635111,
  "sprint_speed_boost": 0.2735766130533782,
  "recovery_nonlinear_coeff": 0.4084702161472643,
  "max_recovery_per_tick": 0.00024811703354501915,
  "willpower_threshold": 0.3190660935133356,
  "sprint_enable_threshold": 0.25154860353253455,
  "_metrics": {
    "combat_ease": 0.0,
    "recovery_ease": 0.0012126720014512848,
    "parameter_realism": 5.276700956247762
  },
  "_philosophy": "高 combat_ease + 高 recovery_ease → 战斗最宽容"
}