{
  "version": "3.0.0",
  "description": "RSS 增强型优化配置（NSGA-II）- StandardMilsim",
  "optimization_method": "NSGA-II (Super Pipeline)",
  "objectives": {
    "playability_burden": 200000.0,
    "stability_risk": 110.954098181464
  },
  "parameters": {
    "energy_to_stamina_coeff": 6.923808697209521e-07,
    "base_recovery_rate": 0.00017557439583923252,
    "prone_recovery_multiplier": 2.1900592460234507,
    "standing_recovery_multiplier": 2.3258930684785226,
    "load_recovery_penalty_coeff": 0.0003941825055066258,
    "load_recovery_penalty_exponent": 1.2413608548470711,
    "encumbrance_speed_penalty_coeff": 0.1457257402349032,
    "encumbrance_speed_penalty_max": 0.5721607650721617,
    "encumbrance_stamina_drain_coeff": 0.8254458936623542,
    "fatigue_accumulation_coeff": 0.009078350255559762,
    "fatigue_max_factor": 2.708910604484033,
    "recovery_nonlinear_coeff": 0.2656736700064159,
    "slow_recovery_multiplier": 0.7692084871911383,
    "medium_recovery_multiplier": 1.1216994679058323,
    "fast_recovery_multiplier": 1.3892839612817083,
    "marginal_decay_threshold": 0.7319878618879128,
    "marginal_decay_coeff": 1.1337002868720918,
    "min_recovery_stamina_threshold": 0.19173059190395284,
    "min_recovery_rest_time_seconds": 20.938911272433153,
    "sprint_speed_boost": 0.3171863142692717,
    "posture_crouch_multiplier": 1.7402795623972156,
    "posture_prone_multiplier": 2.6455305211939724,
    "jump_height_guess": 0.5964413281986631,
    "jump_horizontal_speed_guess": 1.2030490965995524,
    "swimming_base_power": 16.006621649634457,
    "swimming_encumbrance_threshold": 26.363108155392567,
    "swimming_static_drain_multiplier": 3.2025870565519847,
    "swimming_dynamic_power_efficiency": 2.3990973961417428,
    "swimming_energy_to_stamina_coeff": 4.44864783743239e-05,
    "env_heat_stress_max_multiplier": 1.4416879520371406,
    "env_rain_weight_max": 7.733026254756892,
    "env_wind_resistance_coeff": 0.04531086622176116,
    "env_mud_penalty_max": 0.3213427110423915,
    "env_temperature_heat_penalty_coeff": 0.016342333305949423,
    "env_temperature_cold_recovery_penalty_coeff": 0.05673976922895292,
    "load_metabolic_dampening": 0.7624137013139467,
    "max_recovery_per_tick": 0.0003529364521164402,
    "slope_uphill_coeff": 0.08,
    "slope_downhill_coeff": 0.03
  }
}