{
  "energy_to_stamina_coeff": 5.204828024908641e-07,
  "base_recovery_rate": 0.00029653365623360926,
  "standing_recovery_multiplier": 1.7222133471594372,
  "crouching_recovery_multiplier": 1.8994966700291431,
  "prone_recovery_multiplier": 1.9999844240601297,
  "fast_recovery_multiplier": 2.355594973260361,
  "medium_recovery_multiplier": 1.4900823876746438,
  "slow_recovery_multiplier": 0.7991960450502016,
  "encumbrance_speed_penalty_coeff": 0.33862835378323297,
  "encumbrance_stamina_drain_coeff": 1.0135352700725277,
  "load_recovery_penalty_coeff": 5.401551119196543e-05,
  "posture_crouch_multiplier": 1.6230497282109586,
  "posture_prone_multiplier": 3.6968270696462717,
  "sprint_speed_boost": 0.3970126187219183,
  "recovery_nonlinear_coeff": 0.7045964149758532,
  "max_recovery_per_tick": 0.000637859531144872,
  "_metrics": {
    "combat_endurance": 0.022025655892787155,
    "recovery_efficiency": 0.0,
    "parameter_realism": 2.930673124672186
  },
  "_philosophy": "combat_endurance 最小 → 战斗最宽容"
}