{
  "energy_to_stamina_coeff": 1.4052973610715763e-07,
  "base_recovery_rate": 0.00010564497640821737,
  "standing_recovery_multiplier": 0.7353687337323424,
  "crouching_recovery_multiplier": 1.3403187659503903,
  "prone_recovery_multiplier": 1.7286058692336248,
  "fast_recovery_multiplier": 1.4186012688155194,
  "medium_recovery_multiplier": 0.9361920457516453,
  "slow_recovery_multiplier": 0.2904836711314353,
  "encumbrance_speed_penalty_coeff": 0.23088825928801723,
  "encumbrance_stamina_drain_coeff": 2.7929749597161533,
  "load_recovery_penalty_coeff": 0.00026313337008231866,
  "posture_crouch_multiplier": 3.4937791445610715,
  "posture_prone_multiplier": 3.7535530451607992,
  "sprint_speed_boost": 0.19623161604377692,
  "recovery_nonlinear_coeff": 0.32925078152974263,
  "max_recovery_per_tick": 0.0002055006067594859,
  "willpower_threshold": 0.32147839368913333,
  "sprint_enable_threshold": 0.2551909181788435,
  "critical_power_watts": 437.28470543196613,
  "w_prime_max_joules": 18647.16607488841,
  "w_prime_recovery_w_per_s": 11.835855248628661,
  "sprint_power_cap_watts": 1476.194005723497,
  "v5_walk_speed_ms": 1.4,
  "v5_run_speed_ms": 2.8,
  "v5_sprint_speed_ms": 4.0,
  "_metrics_v6": {
    "sustain_ease": 0.32233053693918046,
    "mobility_ease": 0.021670023309835442,
    "combat_ease": 0.6962217502549752,
    "recovery_ease": 0.001010163920101627,
    "param_drift": 1.9099933689664927
  },
  "_philosophy": "低 combat_ease + 低 recovery_ease → 最拟真/最硬核"
}