{
  "energy_to_stamina_coeff": 1.4498994549974305e-07,
  "base_recovery_rate": 0.00012057572674760001,
  "standing_recovery_multiplier": 0.9135916051754788,
  "crouching_recovery_multiplier": 1.6776742717688298,
  "prone_recovery_multiplier": 1.9914386436322977,
  "fast_recovery_multiplier": 1.7723212094059781,
  "medium_recovery_multiplier": 1.1201066488169178,
  "slow_recovery_multiplier": 0.472690668801573,
  "encumbrance_speed_penalty_coeff": 0.19699441917698354,
  "encumbrance_stamina_drain_coeff": 2.3953215813591657,
  "load_recovery_penalty_coeff": 0.00011837219043512483,
  "posture_crouch_multiplier": 3.4699583022474147,
  "posture_prone_multiplier": 4.121475309657805,
  "sprint_speed_boost": 0.21705741263864164,
  "recovery_nonlinear_coeff": 0.38727139007394545,
  "max_recovery_per_tick": 0.0004161169708645688,
  "willpower_threshold": 0.3607209656479455,
  "sprint_enable_threshold": 0.27524632296095,
  "critical_power_watts": 1074.549816447302,
  "w_prime_max_joules": 20421.65248363737,
  "w_prime_recovery_w_per_s": 13.495502778126639,
  "sprint_power_cap_watts": 2525.1938752335045,
  "v5_walk_speed_ms": 1.4,
  "v5_run_speed_ms": 2.8,
  "v5_sprint_speed_ms": 4.5,
  "_metrics_v6": {
    "sustain_ease": 2.0,
    "mobility_ease": 0.039005513797243235,
    "combat_ease": 0.8639164545733251,
    "recovery_ease": 0.0009073735837825866,
    "param_drift": 2.622319272853046
  },
  "_philosophy": "高 combat_ease + 高 recovery_ease → 战斗最宽容"
}