{
  "energy_to_stamina_coeff": 9.394120091518767e-07,
  "base_recovery_rate": 0.00010492121526596935,
  "standing_recovery_multiplier": 0.9447342785131861,
  "crouching_recovery_multiplier": 1.550603874024253,
  "prone_recovery_multiplier": 1.5564459417789513,
  "fast_recovery_multiplier": 1.7889616442279226,
  "medium_recovery_multiplier": 0.9185325651566981,
  "slow_recovery_multiplier": 0.3197524797194085,
  "encumbrance_speed_penalty_coeff": 0.21397692498155263,
  "encumbrance_stamina_drain_coeff": 2.4946052839314503,
  "load_recovery_penalty_coeff": 0.00031905738592979564,
  "posture_crouch_multiplier": 3.162976073077573,
  "posture_prone_multiplier": 3.699285195014115,
  "sprint_speed_boost": 0.18780992900960006,
  "recovery_nonlinear_coeff": 0.30002783645719655,
  "max_recovery_per_tick": 0.00020216959386773633,
  "willpower_threshold": 0.310108145381065,
  "sprint_enable_threshold": 0.20871243736140746,
  "_metrics": {
    "combat_ease": 0.0,
    "recovery_ease": 0.000987261516720773,
    "parameter_realism": 5.762403812993036
  },
  "_philosophy": "低 combat_ease + 低 recovery_ease + 低 realism → 最拟真/最硬核"
}