{
  "version": "3.0.0",
  "description": "RSS 增强型优化配置（NSGA-II）- EliteStandard",
  "optimization_method": "NSGA-II (Super Pipeline)",
  "objectives": {
    "realism_loss": 0.18153526962828215,
    "playability_burden": 434.0320376516863,
    "stability_risk": 0.0
  },
  "parameters": {
    "energy_to_stamina_coeff": 2.5057006371784408e-05,
    "base_recovery_rate": 0.0001717787540783644,
    "prone_recovery_multiplier": 2.51202869021383,
    "standing_recovery_multiplier": 1.105066137151609,
    "load_recovery_penalty_coeff": 0.00025898540524671443,
    "load_recovery_penalty_exponent": 1.815236117417215,
    "encumbrance_speed_penalty_coeff": 0.2561531462974064,
    "encumbrance_stamina_drain_coeff": 0.8013615053547372,
    "sprint_stamina_drain_multiplier": 2.861005451600046,
    "fatigue_accumulation_coeff": 0.005337286584231181,
    "fatigue_max_factor": 2.521588311288859,
    "aerobic_efficiency_factor": 0.8044437582275176,
    "anaerobic_efficiency_factor": 1.0095589921414407,
    "recovery_nonlinear_coeff": 0.5375556618695203,
    "fast_recovery_multiplier": 3.252170574604222,
    "medium_recovery_multiplier": 1.529683177581732,
    "slow_recovery_multiplier": 0.6485577534103624,
    "marginal_decay_threshold": 0.8596400169582089,
    "marginal_decay_coeff": 1.0535089578878227,
    "min_recovery_stamina_threshold": 0.17440775591356675,
    "min_recovery_rest_time_seconds": 3.0923674756245556,
    "sprint_speed_boost": 0.2817319937089666,
    "posture_crouch_multiplier": 0.8734053488319549,
    "posture_prone_multiplier": 0.35189394751876146,
    "jump_stamina_base_cost": 0.03879742030214535,
    "vault_stamina_start_cost": 0.022370477658406458,
    "climb_stamina_tick_cost": 0.00975994054312416,
    "jump_consecutive_penalty": 0.48689707501997526,
    "slope_uphill_coeff": 0.08161490371780039,
    "slope_downhill_coeff": 0.02973150453375212,
    "swimming_base_power": 18.10826011406727,
    "swimming_encumbrance_threshold": 25.472884797908833,
    "swimming_static_drain_multiplier": 2.6322096561608115,
    "swimming_dynamic_power_efficiency": 2.1934578185649,
    "swimming_energy_to_stamina_coeff": 5.119325935498826e-05,
    "env_heat_stress_max_multiplier": 1.569837729929918,
    "env_rain_weight_max": 9.208593283257223,
    "env_wind_resistance_coeff": 0.03804238764193853,
    "env_mud_penalty_max": 0.3449566741319612,
    "env_temperature_heat_penalty_coeff": 0.02330675602449489,
    "env_temperature_cold_recovery_penalty_coeff": 0.059167502403855154
  }
}