{
  "version": "3.0.0",
  "description": "RSS 增强型优化配置（NSGA-II）- EliteStandard",
  "optimization_method": "NSGA-II (Super Pipeline)",
  "objectives": {
    "playability_burden": 140.0,
    "stability_risk": 517.6019742708426
  },
  "parameters": {
    "energy_to_stamina_coeff": 1.6124736532775487e-05,
    "base_recovery_rate": 0.00017301203116399264,
    "prone_recovery_multiplier": 2.74891706834569,
    "standing_recovery_multiplier": 1.3274524454553873,
    "load_recovery_penalty_coeff": 0.000661645850339369,
    "load_recovery_penalty_exponent": 2.782565329655501,
    "encumbrance_speed_penalty_coeff": 0.22991120135139234,
    "encumbrance_stamina_drain_coeff": 1.0342325771311107,
    "sprint_stamina_drain_multiplier": 1.2887779046940864,
    "fatigue_accumulation_coeff": 0.018069317723993495,
    "fatigue_max_factor": 1.7149439871464016,
    "aerobic_efficiency_factor": 0.8991074946199222,
    "anaerobic_efficiency_factor": 1.1617132974177107,
    "recovery_nonlinear_coeff": 0.5918426596941371,
    "fast_recovery_multiplier": 1.6801930962140732,
    "medium_recovery_multiplier": 1.1300240201262168,
    "slow_recovery_multiplier": 0.5711124526756041,
    "marginal_decay_threshold": 0.854838098342865,
    "marginal_decay_coeff": 1.1110376059781693,
    "min_recovery_stamina_threshold": 0.174003841876415,
    "min_recovery_rest_time_seconds": 3.916413134379505,
    "sprint_speed_boost": 0.27519082653674215,
    "posture_crouch_multiplier": 0.6976462489753359,
    "posture_prone_multiplier": 0.7898973739468451,
    "jump_stamina_base_cost": 0.02989623462568271,
    "vault_stamina_start_cost": 0.018763706272982676,
    "climb_stamina_tick_cost": 0.008000963498071466,
    "jump_consecutive_penalty": 0.4527102958993556,
    "slope_uphill_coeff": 0.06121694158616342,
    "slope_downhill_coeff": 0.038613445111247965,
    "swimming_base_power": 15.246444046363226,
    "swimming_encumbrance_threshold": 23.010871804652137,
    "swimming_static_drain_multiplier": 2.6096249863300023,
    "swimming_dynamic_power_efficiency": 1.989894142130825,
    "swimming_energy_to_stamina_coeff": 4.757381326666005e-05,
    "env_heat_stress_max_multiplier": 1.2490076570148374,
    "env_rain_weight_max": 8.77954834322912,
    "env_wind_resistance_coeff": 0.06270378187806186,
    "env_mud_penalty_max": 0.3867870499262748,
    "env_temperature_heat_penalty_coeff": 0.02147342134373091,
    "env_temperature_cold_recovery_penalty_coeff": 0.05088499428991277
  }
}