{
  "version": "3.0.0",
  "description": "RSS 增强型优化配置（NSGA-II）- EliteStandard",
  "optimization_method": "NSGA-II (Super Pipeline)",
  "objectives": {
    "playability_burden": 30.5,
    "stability_risk": 3.3406094995750304
  },
  "parameters": {
    "energy_to_stamina_coeff": 9.63177406245993e-07,
    "base_recovery_rate": 0.0001087698589576099,
    "prone_recovery_multiplier": 2.7464752584878833,
    "standing_recovery_multiplier": 1.4127515512604814,
    "load_recovery_penalty_coeff": 2.0577438034570285e-05,
    "load_recovery_penalty_exponent": 1.0280053194724585,
    "encumbrance_speed_penalty_coeff": 0.18558482599391413,
    "encumbrance_speed_penalty_exponent": 2.781316910923685,
    "encumbrance_speed_penalty_max": 0.9124836986781457,
    "encumbrance_stamina_drain_coeff": 1.772193307951643,
    "sprint_stamina_drain_multiplier": 2.644510045032722,
    "fatigue_accumulation_coeff": 0.01276242585879315,
    "fatigue_max_factor": 1.6672683184819146,
    "aerobic_efficiency_factor": 0.8586446302835558,
    "anaerobic_efficiency_factor": 1.236999997203255,
    "recovery_nonlinear_coeff": 0.16536989237224684,
    "fast_recovery_multiplier": 1.117883331812008,
    "medium_recovery_multiplier": 1.0174815855403307,
    "slow_recovery_multiplier": 0.6012036640307278,
    "marginal_decay_threshold": 0.7939779816082879,
    "marginal_decay_coeff": 1.062436839900051,
    "min_recovery_stamina_threshold": 0.18837221747194544,
    "min_recovery_rest_time_seconds": 2.9714583377897865,
    "sprint_speed_boost": 0.28571024479279566,
    "posture_crouch_multiplier": 1.3191570455404649,
    "posture_prone_multiplier": 2.592110082608019,
    "jump_stamina_base_cost": 0.029898780913873126,
    "vault_stamina_start_cost": 0.016001432877383513,
    "climb_stamina_tick_cost": 0.011229994926626644,
    "jump_consecutive_penalty": 0.4270479655969445,
    "slope_uphill_coeff": 0.08381493466195575,
    "slope_downhill_coeff": 0.026854808271776918,
    "swimming_base_power": 17.259783846551834,
    "swimming_encumbrance_threshold": 26.688765310406854,
    "swimming_static_drain_multiplier": 3.139468439492104,
    "swimming_dynamic_power_efficiency": 2.4760138232792137,
    "swimming_energy_to_stamina_coeff": 4.914004618753881e-05,
    "env_heat_stress_max_multiplier": 1.2067790659558324,
    "env_rain_weight_max": 7.600581869138237,
    "env_wind_resistance_coeff": 0.053714080195688865,
    "env_mud_penalty_max": 0.39825352569800015,
    "env_temperature_heat_penalty_coeff": 0.021630272037231474,
    "env_temperature_cold_recovery_penalty_coeff": 0.04606968417103122
  }
}