{
  "version": "3.0.0",
  "description": "RSS 多目标优化配置（Optuna 贝叶斯优化）",
  "optimization_method": "Optuna (TPE)",
  "parameters": {
    "energy_to_stamina_coeff": 2.9795541974339165e-05,
    "base_recovery_rate": 0.0004882318809431148,
    "standing_recovery_multiplier": 2.90747260349371,
    "prone_recovery_multiplier": 1.56130788762058,
    "load_recovery_penalty_coeff": 0.00010427802134669457,
    "load_recovery_penalty_exponent": 2.6410147410861615,
    "encumbrance_speed_penalty_coeff": 0.2640204069190246,
    "encumbrance_stamina_drain_coeff": 1.077717138033028,
    "sprint_stamina_drain_multiplier": 3.9022905029358226,
    "fatigue_accumulation_coeff": 0.005370994384185027,
    "fatigue_max_factor": 2.835098422201998,
    "aerobic_efficiency_factor": 0.8000678890064694,
    "anaerobic_efficiency_factor": 1.076651996984285,
    "recovery_nonlinear_coeff": 0.32814037048551137,
    "fast_recovery_multiplier": 3.8464066020101733,
    "medium_recovery_multiplier": 2.3989905302525134,
    "slow_recovery_multiplier": 0.653591916636737,
    "marginal_decay_threshold": 0.7583466623545954,
    "marginal_decay_coeff": 1.1373389127581253,
    "min_recovery_stamina_threshold": 0.2443381539669205,
    "min_recovery_rest_time_seconds": 3.6643012394200176,
    "sprint_speed_boost": 0.30407071862426166,
    "posture_crouch_multiplier": 1.9136089235066136,
    "posture_prone_multiplier": 3.14716299940582,
    "jump_stamina_base_cost": 0.03824181601714084,
    "vault_stamina_start_cost": 0.018084271161456594,
    "climb_stamina_tick_cost": 0.008210211686663478,
    "jump_consecutive_penalty": 0.44378240307197625,
    "slope_uphill_coeff": 0.09142026949449329,
    "slope_downhill_coeff": 0.025742933822206507,
    "swimming_base_power": 29.48912034725916,
    "swimming_encumbrance_threshold": 28.022219354354466,
    "swimming_static_drain_multiplier": 3.0596671117888103,
    "swimming_dynamic_power_efficiency": 2.117667524403505,
    "swimming_energy_to_stamina_coeff": 4.430275227331649e-05,
    "env_heat_stress_max_multiplier": 1.307732960327464,
    "env_rain_weight_max": 9.291803279787647,
    "env_wind_resistance_coeff": 0.0334880272150792,
    "env_mud_penalty_max": 0.4827882637727148,
    "env_temperature_heat_penalty_coeff": 0.015498126744197933,
    "env_temperature_cold_recovery_penalty_coeff": 0.04900876411448426
  }
}