{
  "energy_to_stamina_coeff": 1.2829577144071973e-07,
  "base_recovery_rate": 0.00012740977941486464,
  "standing_recovery_multiplier": 0.9009110232787698,
  "crouching_recovery_multiplier": 1.402998010168471,
  "prone_recovery_multiplier": 1.5136005832863324,
  "fast_recovery_multiplier": 1.6313770457152228,
  "medium_recovery_multiplier": 0.9375863853036341,
  "slow_recovery_multiplier": 0.32590637690267427,
  "encumbrance_speed_penalty_coeff": 0.3684029263567174,
  "encumbrance_stamina_drain_coeff": 2.370078014881599,
  "load_recovery_penalty_coeff": 0.0003234134620236272,
  "posture_crouch_multiplier": 3.250118122865092,
  "posture_prone_multiplier": 3.0094858372764848,
  "sprint_speed_boost": 0.1944016347085377,
  "recovery_nonlinear_coeff": 0.34979321373957467,
  "max_recovery_per_tick": 0.00021863890114234076,
  "willpower_threshold": 0.31694836019294376,
  "sprint_enable_threshold": 0.24058415331526264,
  "critical_power_watts": 360.8299357204097,
  "w_prime_max_joules": 20088.088816836575,
  "w_prime_recovery_w_per_s": 10.758688504702631,
  "sprint_power_cap_watts": 1453.6073556115575,
  "v5_walk_speed_ms": 1.4,
  "v5_run_speed_ms": 2.8,
  "v5_sprint_speed_ms": 4.0,
  "_metrics_v6": {
    "sustain_ease": 0.3228045449182837,
    "combat_ease": 0.6990080064463983,
    "recovery_ease": 0.0010747468484285385,
    "param_drift": 2.949914873788113
  }
}