{
  "version": "3.0.0",
  "description": "RSS 增强型优化配置（NSGA-II）- StandardMilsim",
  "optimization_method": "NSGA-II (Super Pipeline)",
  "objectives": {
    "playability_burden": 200000.0,
    "stability_risk": 179.08977703157956
  },
  "parameters": {
    "energy_to_stamina_coeff": 2.2146211839085655e-06,
    "base_recovery_rate": 0.0002111439447023626,
    "prone_recovery_multiplier": 2.887976568518331,
    "standing_recovery_multiplier": 1.3037330531478915,
    "load_recovery_penalty_coeff": 3.0277537719803527e-05,
    "load_recovery_penalty_exponent": 1.4010676275561411,
    "encumbrance_speed_penalty_coeff": 0.11818622642811684,
    "encumbrance_speed_penalty_max": 0.5547123901703912,
    "encumbrance_stamina_drain_coeff": 1.3162493060287104,
    "fatigue_accumulation_coeff": 0.014439129251419727,
    "fatigue_max_factor": 2.7495967348321466,
    "recovery_nonlinear_coeff": 0.5302899298502864,
    "slow_recovery_multiplier": 0.643690073503744,
    "medium_recovery_multiplier": 1.3009657376140074,
    "fast_recovery_multiplier": 1.4147039206323342,
    "marginal_decay_threshold": 0.7718193806118097,
    "marginal_decay_coeff": 1.1348377138672616,
    "min_recovery_stamina_threshold": 0.188402458197629,
    "min_recovery_rest_time_seconds": 14.23169998124293,
    "sprint_speed_boost": 0.2990284096817433,
    "posture_crouch_multiplier": 1.6370663794066833,
    "posture_prone_multiplier": 2.049497408713399,
    "jump_height_guess": 0.7296627479338605,
    "jump_horizontal_speed_guess": 0.6721041045680196,
    "swimming_base_power": 21.059608074907946,
    "swimming_encumbrance_threshold": 25.468869000288528,
    "swimming_static_drain_multiplier": 3.298844587297175,
    "swimming_dynamic_power_efficiency": 2.2510119123114727,
    "swimming_energy_to_stamina_coeff": 5.542907706275759e-05,
    "env_heat_stress_max_multiplier": 1.3996956027766703,
    "env_rain_weight_max": 7.415525405415722,
    "env_wind_resistance_coeff": 0.06733746362131812,
    "env_mud_penalty_max": 0.3108539547433108,
    "env_temperature_heat_penalty_coeff": 0.016526213078502303,
    "env_temperature_cold_recovery_penalty_coeff": 0.04839198184353279,
    "load_metabolic_dampening": 0.7148851783988039,
    "max_recovery_per_tick": 0.00020328014992268868,
    "slope_uphill_coeff": 0.08,
    "slope_downhill_coeff": 0.03
  }
}