{
  "energy_to_stamina_coeff": 6.603070763112105e-07,
  "base_recovery_rate": 0.0002344157090420881,
  "standing_recovery_multiplier": 1.2116649154797867,
  "crouching_recovery_multiplier": 1.9125530190825362,
  "prone_recovery_multiplier": 2.2067529024202734,
  "fast_recovery_multiplier": 1.5571895705023402,
  "medium_recovery_multiplier": 1.131944535463519,
  "slow_recovery_multiplier": 0.40126212947836504,
  "encumbrance_speed_penalty_coeff": 0.4324902560157651,
  "encumbrance_stamina_drain_coeff": 2.815362037662183,
  "load_recovery_penalty_coeff": 0.00013306005424306038,
  "posture_crouch_multiplier": 2.296141651145172,
  "posture_prone_multiplier": 4.141517091409701,
  "sprint_speed_boost": 0.22650198194112875,
  "recovery_nonlinear_coeff": 0.6051250233524179,
  "max_recovery_per_tick": 0.0004668659611071934,
  "willpower_threshold": 0.3976888207262433,
  "sprint_enable_threshold": 0.21887167945409106,
  "_metrics": {
    "combat_endurance": 0.19325119867306406,
    "recovery_efficiency": 0.0,
    "parameter_realism": 6.362329960035953
  },
  "_philosophy": "combat_endurance 最小 → 战斗最宽容"
}