{
  "version": "3.0.0",
  "description": "RSS 增强型优化配置（NSGA-II）- StandardMilsim",
  "optimization_method": "NSGA-II (Super Pipeline)",
  "objectives": {
    "playability_burden": 1570.0,
    "stability_risk": 8507.704166666666,
    "physiological_realism": 6671.981564422281
  },
  "parameters": {
    "energy_to_stamina_coeff": 3.34621940653671e-05,
    "base_recovery_rate": 0.0003039396676973235,
    "prone_recovery_multiplier": 1.6011656196131032,
    "standing_recovery_multiplier": 1.4555018889458262,
    "load_recovery_penalty_coeff": 0.00022702166218189105,
    "load_recovery_penalty_exponent": 1.6064390934371824,
    "encumbrance_speed_penalty_coeff": 0.14673808976507272,
    "encumbrance_stamina_drain_coeff": 0.8473514394690792,
    "sprint_stamina_drain_multiplier": 3.3185015760669465,
    "fatigue_accumulation_coeff": 0.01795997161672491,
    "fatigue_max_factor": 2.8105170518411233,
    "aerobic_efficiency_factor": 0.9015563058515492,
    "anaerobic_efficiency_factor": 1.4640957121740066,
    "recovery_nonlinear_coeff": 0.6161039615766775,
    "fast_recovery_multiplier": 2.6267093030122903,
    "medium_recovery_multiplier": 1.4565251132158272,
    "slow_recovery_multiplier": 0.5391957031470389,
    "marginal_decay_threshold": 0.858101958854977,
    "marginal_decay_coeff": 1.079575283462033,
    "min_recovery_stamina_threshold": 0.22942106625494055,
    "min_recovery_rest_time_seconds": 3.0245594107785774,
    "sprint_speed_boost": 0.2995653920883247,
    "posture_crouch_multiplier": 0.7105594522170409,
    "posture_prone_multiplier": 0.5081107200450621,
    "jump_stamina_base_cost": 0.04400558447222814,
    "vault_stamina_start_cost": 0.019105227843514278,
    "climb_stamina_tick_cost": 0.009576761978399632,
    "jump_consecutive_penalty": 0.569640625710579,
    "slope_uphill_coeff": 0.07971930841832356,
    "slope_downhill_coeff": 0.027506598158392036,
    "swimming_base_power": 17.313487132001505,
    "swimming_encumbrance_threshold": 28.467850018697455,
    "swimming_static_drain_multiplier": 3.3319415416880522,
    "swimming_dynamic_power_efficiency": 1.903519992440211,
    "swimming_energy_to_stamina_coeff": 5.022550924401503e-05,
    "env_heat_stress_max_multiplier": 1.3969301920004729,
    "env_rain_weight_max": 6.545484420117834,
    "env_wind_resistance_coeff": 0.039533488425119875,
    "env_mud_penalty_max": 0.3393377116462426,
    "env_temperature_heat_penalty_coeff": 0.01986482765732423,
    "env_temperature_cold_recovery_penalty_coeff": 0.04110664774326692
  }
}