{
  "version": "3.0.0",
  "description": "RSS 增强型优化配置（NSGA-II）- TacticalAction",
  "optimization_method": "NSGA-II (Super Pipeline)",
  "objectives": {
    "playability_burden": 27.5,
    "stability_risk": 16.57388560471123
  },
  "parameters": {
    "energy_to_stamina_coeff": 7.941400255371219e-07,
    "base_recovery_rate": 6.487622146316938e-05,
    "prone_recovery_multiplier": 2.7748298653599135,
    "standing_recovery_multiplier": 1.6018186002796875,
    "load_recovery_penalty_coeff": 5.969658277189727e-06,
    "load_recovery_penalty_exponent": 1.075583613854067,
    "encumbrance_speed_penalty_coeff": 0.21417078650146792,
    "encumbrance_speed_penalty_exponent": 1.5945815806146673,
    "encumbrance_speed_penalty_max": 0.4506368423453615,
    "encumbrance_stamina_drain_coeff": 1.5188535045804579,
    "sprint_stamina_drain_multiplier": 3.123648778290266,
    "fatigue_accumulation_coeff": 0.015981032731020462,
    "fatigue_max_factor": 1.901103041786312,
    "aerobic_efficiency_factor": 0.853022136842895,
    "anaerobic_efficiency_factor": 1.4860061477817887,
    "recovery_nonlinear_coeff": 0.2001786091382205,
    "slow_recovery_multiplier": 0.7028078864157643,
    "medium_recovery_multiplier": 1.0266574674696773,
    "fast_recovery_multiplier": 1.19729836554567,
    "marginal_decay_threshold": 0.7625814788427296,
    "marginal_decay_coeff": 1.0771096253764065,
    "min_recovery_stamina_threshold": 0.20976682827027032,
    "min_recovery_rest_time_seconds": 4.4643825344467665,
    "sprint_speed_boost": 0.3462713610246377,
    "posture_crouch_multiplier": 1.3059058044037577,
    "posture_prone_multiplier": 2.5632086414161237,
    "jump_stamina_base_cost": 0.04389472517566159,
    "vault_stamina_start_cost": 0.022365352283347927,
    "climb_stamina_tick_cost": 0.011531975299319092,
    "jump_consecutive_penalty": 0.44052652682706867,
    "slope_uphill_coeff": 0.08350343484437608,
    "slope_downhill_coeff": 0.034022791888349474,
    "swimming_base_power": 21.801118854469728,
    "swimming_encumbrance_threshold": 24.08151690866698,
    "swimming_static_drain_multiplier": 2.5153948916913085,
    "swimming_dynamic_power_efficiency": 2.082926056804263,
    "swimming_energy_to_stamina_coeff": 4.506203078359218e-05,
    "env_heat_stress_max_multiplier": 1.3801016984571561,
    "env_rain_weight_max": 9.830324060335268,
    "env_wind_resistance_coeff": 0.04596141270569739,
    "env_mud_penalty_max": 0.46796032133288534,
    "env_temperature_heat_penalty_coeff": 0.01688540605749251,
    "env_temperature_cold_recovery_penalty_coeff": 0.05344920996050058
  }
}