{
  "version": "3.0.0",
  "description": "RSS 多目标优化配置（Optuna 贝叶斯优化）",
  "optimization_method": "Optuna (TPE)",
  "parameters": {
    "energy_to_stamina_coeff": 2.962550022157835e-05,
    "base_recovery_rate": 0.0004213533063793425,
    "standing_recovery_multiplier": 2.9345580049034687,
    "prone_recovery_multiplier": 1.5005060523685505,
    "load_recovery_penalty_coeff": 0.00011084126705130768,
    "load_recovery_penalty_exponent": 1.7503374618510834,
    "encumbrance_speed_penalty_coeff": 0.29424497348896467,
    "encumbrance_stamina_drain_coeff": 1.034626856675354,
    "sprint_stamina_drain_multiplier": 3.6109204125559238,
    "fatigue_accumulation_coeff": 0.005422016895659088,
    "fatigue_max_factor": 2.8819884420462367,
    "aerobic_efficiency_factor": 0.9053377044378168,
    "anaerobic_efficiency_factor": 1.058390967241703,
    "recovery_nonlinear_coeff": 0.30849601601133103,
    "fast_recovery_multiplier": 2.9211948659281317,
    "medium_recovery_multiplier": 2.4540987346056506,
    "slow_recovery_multiplier": 0.8342018896750213,
    "marginal_decay_threshold": 0.7384347355220418,
    "marginal_decay_coeff": 1.137689100196847,
    "min_recovery_stamina_threshold": 0.24094167583356452,
    "min_recovery_rest_time_seconds": 3.6196598862411022,
    "sprint_speed_boost": 0.2905452270309709,
    "posture_crouch_multiplier": 1.956642438235289,
    "posture_prone_multiplier": 3.2045354053488966,
    "jump_stamina_base_cost": 0.031081473346792177,
    "vault_stamina_start_cost": 0.01577131877745116,
    "climb_stamina_tick_cost": 0.009603471968727786,
    "jump_consecutive_penalty": 0.573728939831709,
    "slope_uphill_coeff": 0.09070230037180357,
    "slope_downhill_coeff": 0.021649027473561528,
    "swimming_base_power": 21.80551858526208,
    "swimming_encumbrance_threshold": 27.903285156593473,
    "swimming_static_drain_multiplier": 3.2371002214771187,
    "swimming_dynamic_power_efficiency": 2.372550256390942,
    "swimming_energy_to_stamina_coeff": 4.207283370146745e-05,
    "env_heat_stress_max_multiplier": 1.336215473405984,
    "env_rain_weight_max": 9.31483816299288,
    "env_wind_resistance_coeff": 0.03000998824451542,
    "env_mud_penalty_max": 0.42006847829081073,
    "env_temperature_heat_penalty_coeff": 0.015334430108070313,
    "env_temperature_cold_recovery_penalty_coeff": 0.042411591238173105
  }
}