{
  "energy_to_stamina_coeff": 1.6762486580255938e-07,
  "base_recovery_rate": 8.45232210216254e-05,
  "standing_recovery_multiplier": 0.8099529270981558,
  "crouching_recovery_multiplier": 1.4944690733801813,
  "prone_recovery_multiplier": 1.7949480598703875,
  "fast_recovery_multiplier": 1.3173894973514577,
  "medium_recovery_multiplier": 0.9929312135762477,
  "slow_recovery_multiplier": 0.3726098785949407,
  "encumbrance_speed_penalty_coeff": 0.30921194998729323,
  "encumbrance_stamina_drain_coeff": 2.3165524060538982,
  "load_recovery_penalty_coeff": 0.00028563630829716636,
  "posture_crouch_multiplier": 3.3381462669763993,
  "posture_prone_multiplier": 3.4004363459928775,
  "sprint_speed_boost": 0.20580506236017265,
  "recovery_nonlinear_coeff": 0.3416094715094934,
  "max_recovery_per_tick": 0.00040992910421115437,
  "willpower_threshold": 0.338359114866622,
  "sprint_enable_threshold": 0.23501672497827122,
  "critical_power_watts": 985.3636094279169,
  "w_prime_max_joules": 29395.26075899715,
  "w_prime_recovery_w_per_s": 10.051652902339022,
  "sprint_power_cap_watts": 2643.8900304912536,
  "v5_walk_speed_ms": 1.4,
  "v5_run_speed_ms": 2.8,
  "v5_sprint_speed_ms": 4.5,
  "_metrics_v6": {
    "sustain_ease": 2.0,
    "mobility_ease": 0.00019012639479014972,
    "combat_ease": 0.8195061313573231,
    "recovery_ease": 0.00099411295790208,
    "param_drift": 2.9505809178879
  },
  "_philosophy": "低 combat_ease + 低 recovery_ease → 最拟真/最硬核"
}