{
  "version": "3.0.0",
  "description": "RSS 增强型优化配置（NSGA-II）- StandardMilsim",
  "optimization_method": "NSGA-II (Super Pipeline)",
  "objectives": {
    "playability_burden": 443.21324894278933,
    "stability_risk": 88.1199031520175
  },
  "parameters": {
    "energy_to_stamina_coeff": 9.380639772997962e-07,
    "base_recovery_rate": 0.00010613100967707954,
    "prone_recovery_multiplier": 1.6222923620953724,
    "standing_recovery_multiplier": 1.3218196992188518,
    "load_recovery_penalty_coeff": 0.00010527350751344664,
    "load_recovery_penalty_exponent": 1.8133433290451082,
    "encumbrance_speed_penalty_coeff": 0.1143693228742078,
    "encumbrance_speed_penalty_max": 0.4218948144192853,
    "encumbrance_stamina_drain_coeff": 0.9351480504577316,
    "fatigue_accumulation_coeff": 0.006790337748623497,
    "fatigue_max_factor": 2.489320492638959,
    "recovery_nonlinear_coeff": 0.5296081845597062,
    "slow_recovery_multiplier": 0.6961764109777254,
    "medium_recovery_multiplier": 1.7247700838926887,
    "fast_recovery_multiplier": 2.227447271030478,
    "marginal_decay_threshold": 0.772853972209615,
    "marginal_decay_coeff": 1.1087103355063037,
    "min_recovery_stamina_threshold": 0.244114494720388,
    "min_recovery_rest_time_seconds": 17.215685396090755,
    "sprint_speed_boost": 0.3227935442867067,
    "posture_crouch_multiplier": 1.9350527291720523,
    "posture_prone_multiplier": 2.5891517136906153,
    "jump_height_guess": 0.9115050368747439,
    "jump_horizontal_speed_guess": 1.1500467357502238,
    "swimming_base_power": 15.610779598548637,
    "swimming_encumbrance_threshold": 22.768776481472038,
    "swimming_static_drain_multiplier": 3.3062012797930613,
    "swimming_dynamic_power_efficiency": 2.313262301350654,
    "swimming_energy_to_stamina_coeff": 4.369042038712755e-05,
    "env_heat_stress_max_multiplier": 1.3332816928503437,
    "env_rain_weight_max": 8.801903605286162,
    "env_wind_resistance_coeff": 0.06664935333252861,
    "env_mud_penalty_max": 0.3021790946050686,
    "env_temperature_heat_penalty_coeff": 0.01623880565295562,
    "env_temperature_cold_recovery_penalty_coeff": 0.05740226082217731,
    "load_metabolic_dampening": 0.7249510041609453,
    "max_recovery_per_tick": 0.0003832058497263783,
    "slope_uphill_coeff": 0.08,
    "slope_downhill_coeff": 0.03
  }
}