{
  "version": "3.0.0",
  "description": "RSS 增强型优化配置（NSGA-II）- StandardMilsim",
  "optimization_method": "NSGA-II (Super Pipeline)",
  "objectives": {
    "playability_burden": 140.0,
    "stability_risk": 668.0886800183825
  },
  "parameters": {
    "energy_to_stamina_coeff": 1.6192180467189915e-05,
    "base_recovery_rate": 0.00017847480409603674,
    "prone_recovery_multiplier": 2.0219881558634967,
    "standing_recovery_multiplier": 1.561643124650125,
    "load_recovery_penalty_coeff": 0.00018779996888104651,
    "load_recovery_penalty_exponent": 1.5386917581222086,
    "encumbrance_speed_penalty_coeff": 0.1523951128557035,
    "encumbrance_stamina_drain_coeff": 1.9753409157353885,
    "sprint_stamina_drain_multiplier": 1.4457956287040894,
    "fatigue_accumulation_coeff": 0.017863913632851832,
    "fatigue_max_factor": 2.9724141409980214,
    "aerobic_efficiency_factor": 0.9221281152941742,
    "anaerobic_efficiency_factor": 1.4701808051403185,
    "recovery_nonlinear_coeff": 0.46730222130241916,
    "fast_recovery_multiplier": 2.182795147077952,
    "medium_recovery_multiplier": 1.0998348690203232,
    "slow_recovery_multiplier": 0.716828609851909,
    "marginal_decay_threshold": 0.8397855321890434,
    "marginal_decay_coeff": 1.1225468168450163,
    "min_recovery_stamina_threshold": 0.2499459067186402,
    "min_recovery_rest_time_seconds": 2.625465621109846,
    "sprint_speed_boost": 0.29730351250837,
    "posture_crouch_multiplier": 0.7704135319857699,
    "posture_prone_multiplier": 0.6733705379247401,
    "jump_stamina_base_cost": 0.04019994316661937,
    "vault_stamina_start_cost": 0.023078314518266224,
    "climb_stamina_tick_cost": 0.01077151371078661,
    "jump_consecutive_penalty": 0.5420283765125056,
    "slope_uphill_coeff": 0.09046725423921273,
    "slope_downhill_coeff": 0.02655094541876986,
    "swimming_base_power": 24.383650151902593,
    "swimming_encumbrance_threshold": 21.136512613116835,
    "swimming_static_drain_multiplier": 3.0246723066856225,
    "swimming_dynamic_power_efficiency": 2.1393748005427753,
    "swimming_energy_to_stamina_coeff": 4.67599756205698e-05,
    "env_heat_stress_max_multiplier": 1.4819137173790908,
    "env_rain_weight_max": 7.090124676160827,
    "env_wind_resistance_coeff": 0.06403223831869796,
    "env_mud_penalty_max": 0.38996079814088574,
    "env_temperature_heat_penalty_coeff": 0.024543786002208932,
    "env_temperature_cold_recovery_penalty_coeff": 0.05588269123464545
  }
}