{
  "version": "3.0.0",
  "description": "RSS 增强型优化配置（NSGA-II）- EliteStandard",
  "optimization_method": "NSGA-II (Super Pipeline)",
  "objectives": {
    "playability_burden": 226.91245231627332,
    "stability_risk": 250.2698192911801
  },
  "parameters": {
    "energy_to_stamina_coeff": 7.730459607728722e-07,
    "base_recovery_rate": 0.00024352040338977474,
    "prone_recovery_multiplier": 3.2803127251467887,
    "standing_recovery_multiplier": 1.5075634295236902,
    "load_recovery_penalty_coeff": 0.0003096043227500441,
    "load_recovery_penalty_exponent": 1.5227857330514172,
    "encumbrance_speed_penalty_coeff": 0.14293417812838433,
    "encumbrance_speed_penalty_max": 0.43307334600416997,
    "encumbrance_stamina_drain_coeff": 1.1614201292655466,
    "fatigue_accumulation_coeff": 0.0143317625903306,
    "fatigue_max_factor": 1.899224920394597,
    "recovery_nonlinear_coeff": 0.27791303223468766,
    "slow_recovery_multiplier": 0.5592792154523238,
    "medium_recovery_multiplier": 0.9984347151028539,
    "fast_recovery_multiplier": 1.8228689984406188,
    "marginal_decay_threshold": 0.8284653783901597,
    "marginal_decay_coeff": 1.0955367733503563,
    "min_recovery_stamina_threshold": 0.20537558363378985,
    "min_recovery_rest_time_seconds": 7.447296575320486,
    "sprint_speed_boost": 0.33614815130140296,
    "posture_crouch_multiplier": 1.892047350289924,
    "posture_prone_multiplier": 2.0172719289141403,
    "jump_height_guess": 0.5684605661572135,
    "jump_horizontal_speed_guess": 0.10315590295672172,
    "swimming_base_power": 22.921057794149583,
    "swimming_encumbrance_threshold": 27.372696831257045,
    "swimming_static_drain_multiplier": 3.401988094293156,
    "swimming_dynamic_power_efficiency": 1.7364039589531146,
    "swimming_energy_to_stamina_coeff": 4.912591766255598e-05,
    "env_heat_stress_max_multiplier": 1.273795150865759,
    "env_rain_weight_max": 7.484939737896478,
    "env_wind_resistance_coeff": 0.05088973006267536,
    "env_mud_penalty_max": 0.3106661579677178,
    "env_temperature_heat_penalty_coeff": 0.022148704106773852,
    "env_temperature_cold_recovery_penalty_coeff": 0.050865867207421506,
    "slope_uphill_coeff": 0.08,
    "slope_downhill_coeff": 0.03
  }
}