{
  "version": "3.0.0",
  "description": "RSS 增强型优化配置（NSGA-II）- TacticalAction",
  "optimization_method": "NSGA-II (Super Pipeline)",
  "objectives": {
    "playability_burden": 8.862043779081544,
    "stability_risk": 214.6562733060811
  },
  "parameters": {
    "energy_to_stamina_coeff": 5.272703997799509e-07,
    "base_recovery_rate": 0.00026805245997828643,
    "prone_recovery_multiplier": 2.8979628052215087,
    "standing_recovery_multiplier": 1.408123935660674,
    "load_recovery_penalty_coeff": 0.0002497977438157547,
    "load_recovery_penalty_exponent": 1.9094990429407162,
    "encumbrance_speed_penalty_coeff": 0.10629942250750811,
    "encumbrance_speed_penalty_max": 0.697219730912733,
    "encumbrance_stamina_drain_coeff": 1.0380236427163911,
    "fatigue_accumulation_coeff": 0.0054839905682779865,
    "fatigue_max_factor": 1.5076006717458934,
    "recovery_nonlinear_coeff": 0.3451137374583175,
    "slow_recovery_multiplier": 0.6889429957118354,
    "medium_recovery_multiplier": 1.2320061373888103,
    "fast_recovery_multiplier": 3.968026178845335,
    "marginal_decay_threshold": 0.84332125511301,
    "marginal_decay_coeff": 1.0850161531968032,
    "min_recovery_stamina_threshold": 0.22343096666086046,
    "min_recovery_rest_time_seconds": 23.809754739384996,
    "sprint_speed_boost": 0.2865167198980112,
    "posture_crouch_multiplier": 1.6530519800788084,
    "posture_prone_multiplier": 2.3706607512933546,
    "jump_height_guess": 0.648593089428338,
    "jump_horizontal_speed_guess": 0.8132934673291105,
    "swimming_base_power": 18.006269065386483,
    "swimming_encumbrance_threshold": 26.67259645982349,
    "swimming_static_drain_multiplier": 3.1450845035298296,
    "swimming_dynamic_power_efficiency": 2.077821506271614,
    "swimming_energy_to_stamina_coeff": 4.227523443421753e-05,
    "env_heat_stress_max_multiplier": 1.3907871564383778,
    "env_rain_weight_max": 7.424907549957503,
    "env_wind_resistance_coeff": 0.04964153879352491,
    "env_mud_penalty_max": 0.4843732871030052,
    "env_temperature_heat_penalty_coeff": 0.019805313431584082,
    "env_temperature_cold_recovery_penalty_coeff": 0.04027961583679024,
    "load_metabolic_dampening": 0.6535928583294458,
    "max_recovery_per_tick": 0.0005282592720197529,
    "slope_uphill_coeff": 0.08,
    "slope_downhill_coeff": 0.03
  }
}