{
  "version": "3.0.0",
  "description": "RSS 多目标优化配置（Optuna 贝叶斯优化）",
  "optimization_method": "Optuna (TPE)",
  "parameters": {
    "energy_to_stamina_coeff": 3.0312158503668602e-05,
    "base_recovery_rate": 0.00043260344254781333,
    "standing_recovery_multiplier": 2.9104320988123886,
    "prone_recovery_multiplier": 1.5888168383002166,
    "load_recovery_penalty_coeff": 0.00010370483942224692,
    "load_recovery_penalty_exponent": 2.998240747695088,
    "encumbrance_speed_penalty_coeff": 0.26166617686152926,
    "encumbrance_stamina_drain_coeff": 1.0330045933174419,
    "sprint_stamina_drain_multiplier": 3.5668973185678925,
    "fatigue_accumulation_coeff": 0.005627695833592206,
    "fatigue_max_factor": 2.9294432933292147,
    "aerobic_efficiency_factor": 0.9013908586068784,
    "anaerobic_efficiency_factor": 1.1869615808702723,
    "recovery_nonlinear_coeff": 0.31406968145785635,
    "fast_recovery_multiplier": 3.2706643408161353,
    "medium_recovery_multiplier": 1.848607560582043,
    "slow_recovery_multiplier": 0.6079869995644449,
    "marginal_decay_threshold": 0.7474069919739392,
    "marginal_decay_coeff": 1.1381820264964957,
    "min_recovery_stamina_threshold": 0.2426715141626142,
    "min_recovery_rest_time_seconds": 3.7321741875260903,
    "sprint_speed_boost": 0.30459539252292694,
    "posture_crouch_multiplier": 1.937900750317733,
    "posture_prone_multiplier": 3.1581436769338724,
    "jump_stamina_base_cost": 0.029954412051382485,
    "vault_stamina_start_cost": 0.017686569031553415,
    "climb_stamina_tick_cost": 0.009763431911054258,
    "jump_consecutive_penalty": 0.43290157425516396,
    "slope_uphill_coeff": 0.09347896266610463,
    "slope_downhill_coeff": 0.02494047792182572,
    "swimming_base_power": 26.428402843647586,
    "swimming_encumbrance_threshold": 27.494507239378514,
    "swimming_static_drain_multiplier": 3.168811650957475,
    "swimming_dynamic_power_efficiency": 2.4501234407480226,
    "swimming_energy_to_stamina_coeff": 4.449675535235051e-05,
    "env_heat_stress_max_multiplier": 1.3367239760641505,
    "env_rain_weight_max": 9.194568233474723,
    "env_wind_resistance_coeff": 0.033149960907709566,
    "env_mud_penalty_max": 0.4440563654610845,
    "env_temperature_heat_penalty_coeff": 0.016067895748946345,
    "env_temperature_cold_recovery_penalty_coeff": 0.048392478727580165
  }
}