{
  "version": "3.0.0",
  "description": "RSS 增强型优化配置（NSGA-II）- TacticalAction",
  "optimization_method": "NSGA-II (Super Pipeline)",
  "objectives": {
    "playability_burden": 176.26014290405192,
    "stability_risk": 633.8099137909013
  },
  "parameters": {
    "energy_to_stamina_coeff": 5.007528100682279e-07,
    "base_recovery_rate": 0.0006442679678228817,
    "prone_recovery_multiplier": 3.0851896264182694,
    "standing_recovery_multiplier": 2.0527947221088136,
    "load_recovery_penalty_coeff": 0.00010591190805866779,
    "load_recovery_penalty_exponent": 1.1520485674244918,
    "encumbrance_speed_penalty_coeff": 0.12749941567525452,
    "encumbrance_speed_penalty_max": 0.5053658162046343,
    "encumbrance_stamina_drain_coeff": 0.8750212210056132,
    "fatigue_accumulation_coeff": 0.00852929609833381,
    "fatigue_max_factor": 2.881109475513953,
    "recovery_nonlinear_coeff": 0.1240354714304167,
    "slow_recovery_multiplier": 0.5874382740481382,
    "medium_recovery_multiplier": 1.088672076636559,
    "fast_recovery_multiplier": 1.9086869396052544,
    "marginal_decay_threshold": 0.8816869103758751,
    "marginal_decay_coeff": 1.096806905423429,
    "min_recovery_stamina_threshold": 0.19662994129398187,
    "min_recovery_rest_time_seconds": 20.211512849105645,
    "sprint_speed_boost": 0.2908144542803448,
    "posture_crouch_multiplier": 1.7436326770500254,
    "posture_prone_multiplier": 2.3439881712968478,
    "jump_height_guess": 0.7178374833826593,
    "jump_horizontal_speed_guess": 1.4993365548756579,
    "swimming_base_power": 22.69448894082047,
    "swimming_encumbrance_threshold": 23.978657030174272,
    "swimming_static_drain_multiplier": 3.327553052274047,
    "swimming_dynamic_power_efficiency": 1.6707083633124802,
    "swimming_energy_to_stamina_coeff": 4.0609273726179205e-05,
    "env_heat_stress_max_multiplier": 1.2817793489857092,
    "env_rain_weight_max": 7.361646224457038,
    "env_wind_resistance_coeff": 0.0504232302983824,
    "env_mud_penalty_max": 0.42302582810823997,
    "env_temperature_heat_penalty_coeff": 0.02410605717214422,
    "env_temperature_cold_recovery_penalty_coeff": 0.05019708019100915,
    "load_metabolic_dampening": 0.6754464756190053,
    "max_recovery_per_tick": 0.00022009720392919286,
    "slope_uphill_coeff": 0.08,
    "slope_downhill_coeff": 0.03,
    "encumbrance_speed_penalty_exponent": 1.5
  }
}