{
  "version": "3.0.0",
  "description": "RSS 增强型优化配置（NSGA-II）- TacticalAction",
  "optimization_method": "NSGA-II (Super Pipeline)",
  "objectives": {
    "realism_loss": 1.1216544472140548e-13,
    "playability_burden": 0.0,
    "stability_risk": 0.0
  },
  "parameters": {
    "energy_to_stamina_coeff": 3.754577779663401e-05,
    "base_recovery_rate": 0.000389698476859764,
    "prone_recovery_multiplier": 2.412022336818396,
    "standing_recovery_multiplier": 1.567322475731821,
    "load_recovery_penalty_coeff": 0.00011697759827567251,
    "load_recovery_penalty_exponent": 2.0216604130171225,
    "encumbrance_speed_penalty_coeff": 0.15968408569280323,
    "encumbrance_stamina_drain_coeff": 1.3316460210670358,
    "sprint_stamina_drain_multiplier": 2.831768381799883,
    "fatigue_accumulation_coeff": 0.009942016918192005,
    "fatigue_max_factor": 1.6142501509061506,
    "aerobic_efficiency_factor": 0.9580226448169157,
    "anaerobic_efficiency_factor": 1.4593371015297572,
    "recovery_nonlinear_coeff": 0.36355256527405394,
    "fast_recovery_multiplier": 3.0594946001546113,
    "medium_recovery_multiplier": 1.5226049992553392,
    "slow_recovery_multiplier": 0.5831779498548113,
    "marginal_decay_threshold": 0.838317550836646,
    "marginal_decay_coeff": 1.141746779387695,
    "min_recovery_stamina_threshold": 0.1748678182691837,
    "min_recovery_rest_time_seconds": 4.99613436832593,
    "sprint_speed_boost": 0.27634069583982906,
    "posture_crouch_multiplier": 0.5563193054244363,
    "posture_prone_multiplier": 0.48741175614703,
    "jump_stamina_base_cost": 0.03160757382837484,
    "vault_stamina_start_cost": 0.020111229109444982,
    "climb_stamina_tick_cost": 0.010234346687491186,
    "jump_consecutive_penalty": 0.5042599856965883,
    "slope_uphill_coeff": 0.08265449219468612,
    "slope_downhill_coeff": 0.03737210335384906,
    "swimming_base_power": 15.026116794068825,
    "swimming_encumbrance_threshold": 29.715974469928774,
    "swimming_static_drain_multiplier": 3.4823201396805556,
    "swimming_dynamic_power_efficiency": 1.8437541817387046,
    "swimming_energy_to_stamina_coeff": 4.315475917343257e-05,
    "env_heat_stress_max_multiplier": 1.5849771106962125,
    "env_rain_weight_max": 6.170606331120339,
    "env_wind_resistance_coeff": 0.058521808242183226,
    "env_mud_penalty_max": 0.34467401528876807,
    "env_temperature_heat_penalty_coeff": 0.022692369507509164,
    "env_temperature_cold_recovery_penalty_coeff": 0.04113140365869699
  }
}