{
  "version": "3.0.0",
  "description": "RSS 增强型优化配置（NSGA-II）- EliteStandard",
  "optimization_method": "NSGA-II (Super Pipeline)",
  "objectives": {
    "realism_loss": 0.09850121519935634,
    "playability_burden": 10.07894018348746,
    "stability_risk": 0.0
  },
  "parameters": {
    "energy_to_stamina_coeff": 2.6456473386013442e-05,
    "base_recovery_rate": 0.00039547649577226896,
    "prone_recovery_multiplier": 2.1559494106395505,
    "standing_recovery_multiplier": 1.3826098718320532,
    "load_recovery_penalty_coeff": 0.00011234936280095896,
    "load_recovery_penalty_exponent": 2.431181910974305,
    "encumbrance_speed_penalty_coeff": 0.10001251543248756,
    "encumbrance_stamina_drain_coeff": 0.9370771975184544,
    "sprint_stamina_drain_multiplier": 3.0081395615777455,
    "fatigue_accumulation_coeff": 0.027650289833806407,
    "fatigue_max_factor": 2.857823535957934,
    "aerobic_efficiency_factor": 0.8018753207130662,
    "anaerobic_efficiency_factor": 1.1312215390083524,
    "recovery_nonlinear_coeff": 0.6082594734501168,
    "fast_recovery_multiplier": 3.10174681237534,
    "medium_recovery_multiplier": 1.5733288687770275,
    "slow_recovery_multiplier": 1.085221368132418,
    "marginal_decay_threshold": 0.8928161260198604,
    "marginal_decay_coeff": 1.1035033478914569,
    "min_recovery_stamina_threshold": 0.16380760107879802,
    "min_recovery_rest_time_seconds": 3.055882729878796,
    "sprint_speed_boost": 0.34177084383514134,
    "posture_crouch_multiplier": 0.7543241378200605,
    "posture_prone_multiplier": 0.7217170937566919,
    "jump_stamina_base_cost": 0.03765539474405937,
    "vault_stamina_start_cost": 0.02192577246572884,
    "climb_stamina_tick_cost": 0.010237902945915995,
    "jump_consecutive_penalty": 0.43972524852737943,
    "slope_uphill_coeff": 0.09007640571272366,
    "slope_downhill_coeff": 0.03687100129830352,
    "swimming_base_power": 15.123289352770133,
    "swimming_encumbrance_threshold": 29.92257445910634,
    "swimming_static_drain_multiplier": 2.8255417465748156,
    "swimming_dynamic_power_efficiency": 1.723697863408245,
    "swimming_energy_to_stamina_coeff": 5.1057627119041195e-05,
    "env_heat_stress_max_multiplier": 1.4942516506215016,
    "env_rain_weight_max": 6.521462333030158,
    "env_wind_resistance_coeff": 0.04053182035731995,
    "env_mud_penalty_max": 0.3164663797939418,
    "env_temperature_heat_penalty_coeff": 0.01861574623588518,
    "env_temperature_cold_recovery_penalty_coeff": 0.05718208989319089
  }
}