{
  "energy_to_stamina_coeff": 1.6160190349547495e-07,
  "base_recovery_rate": 0.0001029057702913602,
  "standing_recovery_multiplier": 0.8348174193779309,
  "crouching_recovery_multiplier": 1.4021160576680924,
  "prone_recovery_multiplier": 1.9860004344626794,
  "fast_recovery_multiplier": 1.3621329128556063,
  "medium_recovery_multiplier": 1.0014245886990414,
  "slow_recovery_multiplier": 0.44685166201599963,
  "encumbrance_speed_penalty_coeff": 0.2417595769951671,
  "encumbrance_stamina_drain_coeff": 2.6606298385565896,
  "load_recovery_penalty_coeff": 0.00022241730405047445,
  "posture_crouch_multiplier": 3.4349722092072392,
  "posture_prone_multiplier": 4.137288401439178,
  "sprint_speed_boost": 0.2309234009352575,
  "recovery_nonlinear_coeff": 0.46811054264241014,
  "max_recovery_per_tick": 0.0004156493111941177,
  "willpower_threshold": 0.3537012721661939,
  "sprint_enable_threshold": 0.1840224130845753,
  "critical_power_watts": 1012.4862845548226,
  "w_prime_max_joules": 20922.369163038707,
  "w_prime_recovery_w_per_s": 13.133174361132513,
  "sprint_power_cap_watts": 2883.5068981009135,
  "v5_walk_speed_ms": 1.4,
  "v5_run_speed_ms": 2.8,
  "v5_sprint_speed_ms": 4.5,
  "_metrics_v6": {
    "sustain_ease": 2.0,
    "mobility_ease": 0.01720569636718463,
    "combat_ease": 0.8579085578714137,
    "recovery_ease": 0.0009259962963252597,
    "param_drift": 2.274251109753322
  },
  "_philosophy": "战斗/恢复折中 → 拟真与可玩性平衡"
}