{
  "energy_to_stamina_coeff": 1.2298324574507038e-07,
  "base_recovery_rate": 0.00012871493108319398,
  "standing_recovery_multiplier": 0.8558548865024461,
  "crouching_recovery_multiplier": 1.7539536920495202,
  "prone_recovery_multiplier": 1.988538381752295,
  "fast_recovery_multiplier": 1.6263255547285405,
  "medium_recovery_multiplier": 1.0797717943237837,
  "slow_recovery_multiplier": 0.4709071192510163,
  "encumbrance_speed_penalty_coeff": 0.2079617068218318,
  "encumbrance_stamina_drain_coeff": 2.2395866648217284,
  "load_recovery_penalty_coeff": 0.00016356524148979294,
  "posture_crouch_multiplier": 3.409604426119208,
  "posture_prone_multiplier": 3.275644185868978,
  "sprint_speed_boost": 0.2525709513148368,
  "recovery_nonlinear_coeff": 0.3652436020339985,
  "max_recovery_per_tick": 0.000419893291942958,
  "willpower_threshold": 0.37267064126314375,
  "sprint_enable_threshold": 0.23609051897357758,
  "_metrics": {
    "combat_ease": 0.828753318491178,
    "recovery_ease": 0.0009275523534096454,
    "parameter_realism": 3.8255996428989087
  },
  "_philosophy": "高 combat_ease + 高 recovery_ease → 战斗最宽容"
}