{
  "energy_to_stamina_coeff": 1.5479440662173946e-07,
  "base_recovery_rate": 0.00010054772525050367,
  "standing_recovery_multiplier": 0.8239524573632725,
  "crouching_recovery_multiplier": 1.557250550485081,
  "prone_recovery_multiplier": 1.8879376621142272,
  "fast_recovery_multiplier": 1.486906644372012,
  "medium_recovery_multiplier": 1.0300074279296594,
  "slow_recovery_multiplier": 0.41354553549279977,
  "encumbrance_speed_penalty_coeff": 0.2228270374661727,
  "encumbrance_stamina_drain_coeff": 2.285127288188333,
  "load_recovery_penalty_coeff": 0.0001791006198532108,
  "posture_crouch_multiplier": 3.4519279354233094,
  "posture_prone_multiplier": 3.8526744031461146,
  "sprint_speed_boost": 0.21157806314979427,
  "recovery_nonlinear_coeff": 0.29162448043819417,
  "max_recovery_per_tick": 0.0004197541482082878,
  "willpower_threshold": 0.39409453118282983,
  "sprint_enable_threshold": 0.18872669767304578,
  "_metrics": {
    "combat_ease": 0.81693130261715,
    "recovery_ease": 0.0009957612466924882,
    "parameter_realism": 3.017037730542742
  },
  "_philosophy": "战斗/恢复折中 → 拟真与可玩性平衡"
}