{
  "energy_to_stamina_coeff": 1.4842664983511777e-07,
  "base_recovery_rate": 8.516406133078366e-05,
  "standing_recovery_multiplier": 0.7315406101545178,
  "crouching_recovery_multiplier": 1.3298063819496821,
  "prone_recovery_multiplier": 1.6650989881209826,
  "fast_recovery_multiplier": 1.6244748012605943,
  "medium_recovery_multiplier": 0.8085070156091467,
  "slow_recovery_multiplier": 0.289000199699812,
  "encumbrance_speed_penalty_coeff": 0.30683883685360924,
  "encumbrance_stamina_drain_coeff": 2.792418690293249,
  "load_recovery_penalty_coeff": 0.00020196014511673286,
  "posture_crouch_multiplier": 3.3132335590867688,
  "posture_prone_multiplier": 3.817914371908997,
  "sprint_speed_boost": 0.2233832289538899,
  "recovery_nonlinear_coeff": 0.35613699554156897,
  "max_recovery_per_tick": 0.0002001262862557992,
  "willpower_threshold": 0.37783623819185075,
  "sprint_enable_threshold": 0.19152747147808097,
  "_metrics": {
    "combat_ease": 0.6906527592464784,
    "recovery_ease": 0.0009838051883643648,
    "parameter_realism": 3.083872211706881
  },
  "_philosophy": "低 combat_ease + 低 recovery_ease → 最拟真/最硬核",
  "v5_sprint_speed_ms": 4.5
}
