{
  "version": "3.0.0",
  "description": "RSS 多目标优化配置（Optuna 贝叶斯优化）",
  "optimization_method": "Optuna (TPE)",
  "parameters": {
    "energy_to_stamina_coeff": 2.590827703046264e-05,
    "base_recovery_rate": 0.00010455783871000399,
    "standing_recovery_multiplier": 1.858760766981917,
    "prone_recovery_multiplier": 2.765707905698327,
    "load_recovery_penalty_coeff": 0.00017574700706425402,
    "load_recovery_penalty_exponent": 1.384876875428596,
    "encumbrance_speed_penalty_coeff": 0.10111181063944365,
    "encumbrance_stamina_drain_coeff": 1.0991527064730149,
    "sprint_stamina_drain_multiplier": 3.0081507758067803,
    "fatigue_accumulation_coeff": 0.0063611243931397474,
    "fatigue_max_factor": 2.520397161911903,
    "aerobic_efficiency_factor": 0.8857663977960716,
    "anaerobic_efficiency_factor": 1.0417487980220963,
    "recovery_nonlinear_coeff": 0.3491082876473944,
    "fast_recovery_multiplier": 2.690514568227009,
    "medium_recovery_multiplier": 1.795297955342594,
    "slow_recovery_multiplier": 0.8554912225723739,
    "marginal_decay_threshold": 0.889669723637804,
    "marginal_decay_coeff": 1.1497918687831217,
    "min_recovery_stamina_threshold": 0.2126748115760551,
    "min_recovery_rest_time_seconds": 6.862529625330812,
    "sprint_speed_boost": 0.31581263911616586,
    "posture_crouch_multiplier": 1.8187457753877427,
    "posture_prone_multiplier": 2.6122089725762407,
    "jump_stamina_base_cost": 0.037910966818254066,
    "vault_stamina_start_cost": 0.018877358066010288,
    "climb_stamina_tick_cost": 0.010290504016226096,
    "jump_consecutive_penalty": 0.43325100190189736,
    "slope_uphill_coeff": 0.08119763505152279,
    "slope_downhill_coeff": 0.0329611659446483,
    "swimming_base_power": 26.05812849029732,
    "swimming_encumbrance_threshold": 28.42303899426814,
    "swimming_static_drain_multiplier": 3.306806531300543,
    "swimming_dynamic_power_efficiency": 2.0149639840639226,
    "swimming_energy_to_stamina_coeff": 4.083682832420655e-05,
    "env_heat_stress_max_multiplier": 1.2695261205903916,
    "env_rain_weight_max": 8.879927583823214,
    "env_wind_resistance_coeff": 0.0472771174459282,
    "env_mud_penalty_max": 0.3713728971386507,
    "env_temperature_heat_penalty_coeff": 0.020081323039958188,
    "env_temperature_cold_recovery_penalty_coeff": 0.045096800897087744
  }
}