{
  "version": "3.0.0",
  "description": "RSS 增强型优化配置（NSGA-II）- StandardMilsim",
  "optimization_method": "NSGA-II (Super Pipeline)",
  "objectives": {
    "playability_burden": 14.517181794424301,
    "stability_risk": 10.9247027005813
  },
  "parameters": {
    "energy_to_stamina_coeff": 7.498612779910001e-07,
    "base_recovery_rate": 0.00011598967172256293,
    "prone_recovery_multiplier": 2.4909663756349976,
    "standing_recovery_multiplier": 1.6967687011144155,
    "load_recovery_penalty_coeff": 6.089330654490776e-06,
    "load_recovery_penalty_exponent": 1.183457884758865,
    "encumbrance_speed_penalty_coeff": 0.1910084407641044,
    "encumbrance_speed_penalty_exponent": 1.0439730440786472,
    "encumbrance_speed_penalty_max": 0.8492828922415805,
    "encumbrance_stamina_drain_coeff": 0.8167388224302938,
    "sprint_stamina_drain_multiplier": 3.1571188390612734,
    "fatigue_accumulation_coeff": 0.009617635083763393,
    "fatigue_max_factor": 2.4172422790787986,
    "aerobic_efficiency_factor": 0.9892062813978227,
    "anaerobic_efficiency_factor": 1.2369900876745217,
    "recovery_nonlinear_coeff": 0.1715924896221671,
    "slow_recovery_multiplier": 0.5208937603244796,
    "medium_recovery_multiplier": 0.997234005640637,
    "fast_recovery_multiplier": 1.1596641879951302,
    "marginal_decay_threshold": 0.8484402018242265,
    "marginal_decay_coeff": 1.1009735510003937,
    "min_recovery_stamina_threshold": 0.19224457900308792,
    "min_recovery_rest_time_seconds": 2.5923487129449234,
    "sprint_speed_boost": 0.2818512831818367,
    "posture_crouch_multiplier": 1.5355572016966572,
    "posture_prone_multiplier": 3.95923426779164,
    "slope_uphill_coeff": 0.07765097347000274,
    "slope_downhill_coeff": 0.02035915727500302,
    "swimming_base_power": 15.745104618186401,
    "swimming_encumbrance_threshold": 25.103927213487065,
    "swimming_static_drain_multiplier": 3.4694393756758783,
    "swimming_dynamic_power_efficiency": 2.1932095422188675,
    "swimming_energy_to_stamina_coeff": 4.141832382877139e-05,
    "env_heat_stress_max_multiplier": 1.2757443503167452,
    "env_rain_weight_max": 9.0852925728674,
    "env_wind_resistance_coeff": 0.0636575903982498,
    "env_mud_penalty_max": 0.4235389172377182,
    "env_temperature_heat_penalty_coeff": 0.021444231696298166,
    "env_temperature_cold_recovery_penalty_coeff": 0.04056674900766769
  }
}