{
  "energy_to_stamina_coeff": 6.013381218581678e-07,
  "base_recovery_rate": 9.632168493169528e-05,
  "standing_recovery_multiplier": 0.934081829672916,
  "crouching_recovery_multiplier": 1.0018368611248547,
  "prone_recovery_multiplier": 2.4687113561961023,
  "fast_recovery_multiplier": 1.7278726521461452,
  "medium_recovery_multiplier": 1.3330466496026228,
  "slow_recovery_multiplier": 0.3232120667840045,
  "encumbrance_speed_penalty_coeff": 0.3093847682285195,
  "encumbrance_stamina_drain_coeff": 1.9410128043019703,
  "load_recovery_penalty_coeff": 0.00038195669376898234,
  "posture_crouch_multiplier": 1.6820066020923699,
  "posture_prone_multiplier": 2.772477168350842,
  "sprint_speed_boost": 0.1878811121381051,
  "recovery_nonlinear_coeff": 0.5937063999355874,
  "max_recovery_per_tick": 0.00020548417682648114,
  "willpower_threshold": 0.4093564892504473,
  "sprint_enable_threshold": 0.223783276438818,
  "_metrics": {
    "combat_endurance": 0.3594288635698615,
    "recovery_efficiency": 0.0,
    "parameter_realism": 0.6592631791125825
  },
  "_philosophy": "三目标均衡 → 拟真与可玩性折中"
}