{
  "energy_to_stamina_coeff": 1.677014879683711e-07,
  "base_recovery_rate": 8.768664025867073e-05,
  "standing_recovery_multiplier": 0.8278467446273351,
  "crouching_recovery_multiplier": 1.5081202104231333,
  "prone_recovery_multiplier": 1.6123724833442252,
  "fast_recovery_multiplier": 1.3762307421260747,
  "medium_recovery_multiplier": 0.9256866167603374,
  "slow_recovery_multiplier": 0.30607715327686863,
  "encumbrance_speed_penalty_coeff": 0.3310227830477307,
  "encumbrance_stamina_drain_coeff": 2.544585559695399,
  "load_recovery_penalty_coeff": 0.00017940635991030643,
  "posture_crouch_multiplier": 3.2242717289309626,
  "posture_prone_multiplier": 4.135861238227666,
  "sprint_speed_boost": 0.24110478470146401,
  "recovery_nonlinear_coeff": 0.5472620364590101,
  "max_recovery_per_tick": 0.0004065452334958173,
  "willpower_threshold": 0.33281334427556325,
  "sprint_enable_threshold": 0.18803461448249612,
  "_metrics": {
    "combat_ease": 0.8227397223360968,
    "recovery_ease": 0.0009816321699971946,
    "parameter_realism": 3.1161994250509397
  },
  "_philosophy": "低 combat_ease + 低 recovery_ease → 最拟真/最硬核"
}