{
  "version": "3.0.0",
  "description": "RSS 增强型优化配置（NSGA-II）- StandardMilsim",
  "optimization_method": "NSGA-II (Super Pipeline)",
  "objectives": {
    "playability_burden": 2.331652321814511,
    "stability_risk": 187.59643454379307
  },
  "parameters": {
    "energy_to_stamina_coeff": 1.103322368460707e-06,
    "base_recovery_rate": 0.00016093993748541634,
    "prone_recovery_multiplier": 3.0217829459224803,
    "standing_recovery_multiplier": 1.7930139640982148,
    "load_recovery_penalty_coeff": 3.0687286209968943e-06,
    "load_recovery_penalty_exponent": 1.7660258995192963,
    "encumbrance_speed_penalty_coeff": 0.14065614039125357,
    "encumbrance_speed_penalty_max": 0.49659455606240127,
    "encumbrance_stamina_drain_coeff": 1.137101552971084,
    "fatigue_accumulation_coeff": 0.02073454033795753,
    "fatigue_max_factor": 2.197274705556078,
    "recovery_nonlinear_coeff": 0.4225138601218291,
    "slow_recovery_multiplier": 0.7985478230600365,
    "medium_recovery_multiplier": 1.3089756944910398,
    "fast_recovery_multiplier": 3.2765804528496894,
    "marginal_decay_threshold": 0.7730488403230743,
    "marginal_decay_coeff": 1.0892785646328704,
    "min_recovery_stamina_threshold": 0.2195640753445408,
    "min_recovery_rest_time_seconds": 23.75773952189767,
    "sprint_speed_boost": 0.3179651265344625,
    "posture_crouch_multiplier": 1.96839992894878,
    "posture_prone_multiplier": 2.4516511499888383,
    "jump_height_guess": 0.44781062620234885,
    "jump_horizontal_speed_guess": 0.7531974613792987,
    "swimming_base_power": 15.200117236287747,
    "swimming_encumbrance_threshold": 22.528549787625586,
    "swimming_static_drain_multiplier": 3.0174012898249662,
    "swimming_dynamic_power_efficiency": 1.5149611982563007,
    "swimming_energy_to_stamina_coeff": 4.529092572452084e-05,
    "env_heat_stress_max_multiplier": 1.4056123277903478,
    "env_rain_weight_max": 8.292596991924983,
    "env_wind_resistance_coeff": 0.06703006772221223,
    "env_mud_penalty_max": 0.4290691246501216,
    "env_temperature_heat_penalty_coeff": 0.01914735802529994,
    "env_temperature_cold_recovery_penalty_coeff": 0.058607023542661354,
    "slope_uphill_coeff": 0.08,
    "slope_downhill_coeff": 0.03
  }
}