{
  "version": "3.0.0",
  "description": "RSS 增强型优化配置（NSGA-II）- TacticalAction",
  "optimization_method": "NSGA-II (Super Pipeline)",
  "objectives": {
    "playability_burden": 140.0,
    "stability_risk": 543.4864180852178
  },
  "parameters": {
    "energy_to_stamina_coeff": 3.039614028866544e-05,
    "base_recovery_rate": 0.000196040334944417,
    "prone_recovery_multiplier": 2.0019636691550753,
    "standing_recovery_multiplier": 1.5078556545749242,
    "load_recovery_penalty_coeff": 0.0005349528560322244,
    "load_recovery_penalty_exponent": 2.597543658229257,
    "encumbrance_speed_penalty_coeff": 0.2890379522254013,
    "encumbrance_stamina_drain_coeff": 1.530205535564944,
    "sprint_stamina_drain_multiplier": 3.36017910663637,
    "fatigue_accumulation_coeff": 0.02618767162257247,
    "fatigue_max_factor": 2.6629736308205643,
    "aerobic_efficiency_factor": 0.9776528421105346,
    "anaerobic_efficiency_factor": 1.4630380970735213,
    "recovery_nonlinear_coeff": 0.6697265420029717,
    "fast_recovery_multiplier": 2.169915222778337,
    "medium_recovery_multiplier": 1.184187253792367,
    "slow_recovery_multiplier": 0.713908460686729,
    "marginal_decay_threshold": 0.7080556325470775,
    "marginal_decay_coeff": 1.088641556183058,
    "min_recovery_stamina_threshold": 0.19063230318455793,
    "min_recovery_rest_time_seconds": 1.6673529376833387,
    "sprint_speed_boost": 0.252308548055177,
    "posture_crouch_multiplier": 0.5666906183188714,
    "posture_prone_multiplier": 0.5927728974782331,
    "jump_stamina_base_cost": 0.04104577632727375,
    "vault_stamina_start_cost": 0.024882034927269744,
    "climb_stamina_tick_cost": 0.009385454012433977,
    "jump_consecutive_penalty": 0.5198758444522203,
    "slope_uphill_coeff": 0.09748579867260487,
    "slope_downhill_coeff": 0.023340835626763052,
    "swimming_base_power": 22.176455863427428,
    "swimming_encumbrance_threshold": 27.549787331491633,
    "swimming_static_drain_multiplier": 2.5889755358693383,
    "swimming_dynamic_power_efficiency": 2.361249385183065,
    "swimming_energy_to_stamina_coeff": 5.626210094221688e-05,
    "env_heat_stress_max_multiplier": 1.2133612026309737,
    "env_rain_weight_max": 6.364337659520206,
    "env_wind_resistance_coeff": 0.031965075755674095,
    "env_mud_penalty_max": 0.3669487063598724,
    "env_temperature_heat_penalty_coeff": 0.020092889906799263,
    "env_temperature_cold_recovery_penalty_coeff": 0.05064695455909257
  }
}