{
  "version": "3.0.0",
  "description": "RSS 增强型优化配置（NSGA-II）- StandardMilsim",
  "optimization_method": "NSGA-II (Super Pipeline)",
  "objectives": {
    "playability_burden": 26.0,
    "stability_risk": 2.7976939219471966
  },
  "parameters": {
    "energy_to_stamina_coeff": 7.713338851706793e-07,
    "base_recovery_rate": 6.341000807988915e-05,
    "prone_recovery_multiplier": 2.536210949462073,
    "standing_recovery_multiplier": 1.7972525521102793,
    "load_recovery_penalty_coeff": 2.534434880971317e-05,
    "load_recovery_penalty_exponent": 1.0120091630842643,
    "encumbrance_speed_penalty_coeff": 0.13290086290137598,
    "encumbrance_speed_penalty_exponent": 1.2271090876869877,
    "encumbrance_speed_penalty_max": 0.6975058973080143,
    "encumbrance_stamina_drain_coeff": 1.2172060897626937,
    "sprint_stamina_drain_multiplier": 2.860499896323515,
    "fatigue_accumulation_coeff": 0.026359192643512563,
    "fatigue_max_factor": 2.8982008730974247,
    "aerobic_efficiency_factor": 1.0204473049951823,
    "anaerobic_efficiency_factor": 1.4656835158723247,
    "recovery_nonlinear_coeff": 0.2512010669533875,
    "fast_recovery_multiplier": 1.1631104258934752,
    "medium_recovery_multiplier": 0.9679132003320972,
    "slow_recovery_multiplier": 0.5806712913684444,
    "marginal_decay_threshold": 0.7112058266497827,
    "marginal_decay_coeff": 1.0635038136680548,
    "min_recovery_stamina_threshold": 0.1908657682209836,
    "min_recovery_rest_time_seconds": 1.5176120023942716,
    "sprint_speed_boost": 0.2836814029868475,
    "posture_crouch_multiplier": 1.7504924694659179,
    "posture_prone_multiplier": 2.822399193511898,
    "jump_stamina_base_cost": 0.03567204803050855,
    "vault_stamina_start_cost": 0.01670142740177158,
    "climb_stamina_tick_cost": 0.009264419551763582,
    "jump_consecutive_penalty": 0.48489856653530705,
    "slope_uphill_coeff": 0.06537187857580747,
    "slope_downhill_coeff": 0.025612711597530317,
    "swimming_base_power": 24.326299657393598,
    "swimming_encumbrance_threshold": 21.533648274157457,
    "swimming_static_drain_multiplier": 3.394521243549935,
    "swimming_dynamic_power_efficiency": 2.1281826045103553,
    "swimming_energy_to_stamina_coeff": 4.379993018404569e-05,
    "env_heat_stress_max_multiplier": 1.337377713317604,
    "env_rain_weight_max": 8.453971087407918,
    "env_wind_resistance_coeff": 0.05456124793794603,
    "env_mud_penalty_max": 0.4303359589756854,
    "env_temperature_heat_penalty_coeff": 0.02212601407298393,
    "env_temperature_cold_recovery_penalty_coeff": 0.041913724146118124
  }
}