{
  "version": "3.0.0",
  "description": "RSS 多目标优化配置（Optuna 贝叶斯优化）",
  "optimization_method": "Optuna (TPE)",
  "parameters": {
    "energy_to_stamina_coeff": 3.3794545691420804e-05,
    "base_recovery_rate": 0.00030524050653637336,
    "standing_recovery_multiplier": 2.4315819076063696,
    "prone_recovery_multiplier": 2.030093933795139,
    "load_recovery_penalty_coeff": 0.0006606286593720337,
    "load_recovery_penalty_exponent": 1.9615283946877493,
    "encumbrance_speed_penalty_coeff": 0.10000003634469556,
    "encumbrance_stamina_drain_coeff": 1.0182033254451524,
    "sprint_stamina_drain_multiplier": 3.2322874549438456,
    "fatigue_accumulation_coeff": 0.005579302305534259,
    "fatigue_max_factor": 2.0891872331449877,
    "aerobic_efficiency_factor": 0.9537987108094348,
    "anaerobic_efficiency_factor": 1.1246393369217969,
    "recovery_nonlinear_coeff": 0.36718610626163417,
    "fast_recovery_multiplier": 3.07955497821751,
    "medium_recovery_multiplier": 1.7587049668172947,
    "slow_recovery_multiplier": 0.5191776122546141,
    "marginal_decay_threshold": 0.7721851761804669,
    "marginal_decay_coeff": 1.0643745719483515,
    "min_recovery_stamina_threshold": 0.16447321404960635,
    "min_recovery_rest_time_seconds": 4.722310444853212,
    "sprint_speed_boost": 0.3138563349927209,
    "posture_crouch_multiplier": 1.5229616612485102,
    "posture_prone_multiplier": 3.1088323576698067,
    "jump_stamina_base_cost": 0.037886001502505824,
    "vault_stamina_start_cost": 0.019884343342292454,
    "climb_stamina_tick_cost": 0.008375974908010349,
    "jump_consecutive_penalty": 0.4941115754446659,
    "slope_uphill_coeff": 0.07374525405068588,
    "slope_downhill_coeff": 0.03145382483658548,
    "swimming_base_power": 20.31102738358669,
    "swimming_encumbrance_threshold": 26.982213630994167,
    "swimming_static_drain_multiplier": 2.861130453398532,
    "swimming_dynamic_power_efficiency": 2.4275907785523576,
    "swimming_energy_to_stamina_coeff": 4.186984506811582e-05,
    "env_heat_stress_max_multiplier": 1.2650700596890523,
    "env_rain_weight_max": 8.927084566387824,
    "env_wind_resistance_coeff": 0.0647513495797175,
    "env_mud_penalty_max": 0.37264329345254216,
    "env_temperature_heat_penalty_coeff": 0.015142802976420818,
    "env_temperature_cold_recovery_penalty_coeff": 0.053464405555793994
  }
}