{
  "version": "3.0.0",
  "description": "RSS 增强型优化配置（NSGA-II）- TacticalAction",
  "optimization_method": "NSGA-II (Super Pipeline)",
  "objectives": {
    "playability_burden": 0.0,
    "stability_risk": 14301.901711741448,
    "physiological_realism": 51603.353165200715
  },
  "parameters": {
    "energy_to_stamina_coeff": 3.581494023287766e-05,
    "base_recovery_rate": 0.0007959452003064964,
    "prone_recovery_multiplier": 2.567584208619073,
    "standing_recovery_multiplier": 2.4717155976877327,
    "load_recovery_penalty_coeff": 0.0001788815833672522,
    "load_recovery_penalty_exponent": 1.5190835663521807,
    "encumbrance_speed_penalty_coeff": 0.10420183139727215,
    "encumbrance_stamina_drain_coeff": 0.8413175702879775,
    "sprint_stamina_drain_multiplier": 2.9607794364594326,
    "fatigue_accumulation_coeff": 0.015249204685490467,
    "fatigue_max_factor": 2.2835598959502015,
    "aerobic_efficiency_factor": 0.8812273909906321,
    "anaerobic_efficiency_factor": 1.292468356785691,
    "recovery_nonlinear_coeff": 0.6652918745117081,
    "fast_recovery_multiplier": 2.954961274256177,
    "medium_recovery_multiplier": 1.7760813626432683,
    "slow_recovery_multiplier": 0.6564378916164416,
    "marginal_decay_threshold": 0.8954615815983007,
    "marginal_decay_coeff": 1.1257310207134439,
    "min_recovery_stamina_threshold": 0.21771907236726554,
    "min_recovery_rest_time_seconds": 2.90760042587188,
    "sprint_speed_boost": 0.3218331175372004,
    "posture_crouch_multiplier": 2.042019470113924,
    "posture_prone_multiplier": 2.5843691101293325,
    "jump_stamina_base_cost": 0.04456538971997976,
    "vault_stamina_start_cost": 0.01662699743808566,
    "climb_stamina_tick_cost": 0.011061265198101546,
    "jump_consecutive_penalty": 0.5748207592132422,
    "slope_uphill_coeff": 0.07436283116172605,
    "slope_downhill_coeff": 0.02024206233552215,
    "swimming_base_power": 15.454865414722747,
    "swimming_encumbrance_threshold": 28.456263001150187,
    "swimming_static_drain_multiplier": 3.411234310314671,
    "swimming_dynamic_power_efficiency": 2.320627393419037,
    "swimming_energy_to_stamina_coeff": 4.25589988183953e-05,
    "env_heat_stress_max_multiplier": 1.2888303482773282,
    "env_rain_weight_max": 7.286679958638194,
    "env_wind_resistance_coeff": 0.05870704631173999,
    "env_mud_penalty_max": 0.49958302688245754,
    "env_temperature_heat_penalty_coeff": 0.01758584221552774,
    "env_temperature_cold_recovery_penalty_coeff": 0.0544840982561674
  }
}