{
  "energy_to_stamina_coeff": 5.204828024908641e-07,
  "base_recovery_rate": 0.00019790442492866728,
  "standing_recovery_multiplier": 1.7222133471594372,
  "crouching_recovery_multiplier": 1.8994966700291431,
  "prone_recovery_multiplier": 2.4485642362267273,
  "fast_recovery_multiplier": 2.355594973260361,
  "medium_recovery_multiplier": 1.4591476356882789,
  "slow_recovery_multiplier": 0.7991960450502016,
  "encumbrance_speed_penalty_coeff": 0.18144287220553007,
  "encumbrance_stamina_drain_coeff": 2.061042585044162,
  "load_recovery_penalty_coeff": 5.401551119196543e-05,
  "posture_crouch_multiplier": 1.7241996712928864,
  "posture_prone_multiplier": 3.9728373312502088,
  "sprint_speed_boost": 0.35415297756523734,
  "recovery_nonlinear_coeff": 0.46571452763728277,
  "max_recovery_per_tick": 0.000637859531144872,
  "_metrics": {
    "combat_endurance": 0.1027102528721121,
    "recovery_efficiency": 0.0,
    "parameter_realism": 0.958088498573346
  },
  "_philosophy": "三目标均衡 → 拟真与可玩性折中"
}