{
  "energy_to_stamina_coeff": 1.4815053616344395e-07,
  "base_recovery_rate": 9.92183608960454e-05,
  "standing_recovery_multiplier": 0.829052812751814,
  "crouching_recovery_multiplier": 1.3943393354080702,
  "prone_recovery_multiplier": 2.039545892218541,
  "fast_recovery_multiplier": 1.4082111747733346,
  "medium_recovery_multiplier": 0.8842335347017138,
  "slow_recovery_multiplier": 0.41792859413730477,
  "encumbrance_speed_penalty_coeff": 0.21607823044084976,
  "encumbrance_stamina_drain_coeff": 2.5977228091871685,
  "load_recovery_penalty_coeff": 0.00018907689995731631,
  "posture_crouch_multiplier": 3.1379467793680664,
  "posture_prone_multiplier": 3.327343373425811,
  "sprint_speed_boost": 0.18142802688942816,
  "recovery_nonlinear_coeff": 0.405034509357283,
  "max_recovery_per_tick": 0.0002727582793532323,
  "willpower_threshold": 0.3786647666656783,
  "sprint_enable_threshold": 0.22693752617264004,
  "critical_power_watts": 414.3323154406136,
  "w_prime_max_joules": 18647.16607488841,
  "w_prime_recovery_w_per_s": 12.75965910377976,
  "sprint_power_cap_watts": 1419.7729146601216,
  "v5_walk_speed_ms": 1.4,
  "v5_run_speed_ms": 2.8,
  "v5_sprint_speed_ms": 4.0,
  "_metrics_v6": {
    "sustain_ease": 0.32235758919731317,
    "mobility_ease": 0.028604180408828082,
    "combat_ease": 0.6968027456385884,
    "recovery_ease": 0.0013407774169463497,
    "param_drift": 1.793085473053938
  },
  "_philosophy": "战斗/恢复折中 → 拟真与可玩性平衡"
}