{
  "version": "3.0.0",
  "description": "RSS 增强型优化配置（NSGA-II）- StandardMilsim",
  "optimization_method": "NSGA-II (Super Pipeline)",
  "objectives": {
    "realism_loss": 0.1833266366649858,
    "playability_burden": 426.6480888593694,
    "stability_risk": 0.0
  },
  "parameters": {
    "energy_to_stamina_coeff": 2.508037099863868e-05,
    "base_recovery_rate": 0.00015281260601696594,
    "standing_recovery_multiplier": 1.0503840283452701,
    "prone_recovery_multiplier": 1.5729779481157231,
    "load_recovery_penalty_coeff": 0.0007735673352439092,
    "load_recovery_penalty_exponent": 1.8814670702565996,
    "encumbrance_speed_penalty_coeff": 0.2899329685850064,
    "encumbrance_stamina_drain_coeff": 0.8037891252910432,
    "sprint_stamina_drain_multiplier": 2.8082183198517034,
    "fatigue_accumulation_coeff": 0.005112895350744807,
    "fatigue_max_factor": 2.297742576376499,
    "aerobic_efficiency_factor": 0.8018211516978062,
    "anaerobic_efficiency_factor": 1.0016664977695515,
    "recovery_nonlinear_coeff": 0.34502776637219434,
    "fast_recovery_multiplier": 3.4620359794529394,
    "medium_recovery_multiplier": 1.3316012118965617,
    "slow_recovery_multiplier": 0.6780925369029598,
    "marginal_decay_threshold": 0.8562191346071243,
    "marginal_decay_coeff": 1.1119038557044196,
    "min_recovery_stamina_threshold": 0.22113883242747207,
    "min_recovery_rest_time_seconds": 2.561950289507146,
    "sprint_speed_boost": 0.288026781997677,
    "posture_crouch_multiplier": 1.6212957642066066,
    "posture_prone_multiplier": 3.484552410711288,
    "jump_stamina_base_cost": 0.028013275903989554,
    "vault_stamina_start_cost": 0.019345711853118005,
    "climb_stamina_tick_cost": 0.008783465736642898,
    "jump_consecutive_penalty": 0.5509108422745047,
    "slope_uphill_coeff": 0.08177016441559663,
    "slope_downhill_coeff": 0.028296585818215203,
    "swimming_base_power": 19.24487500017992,
    "swimming_encumbrance_threshold": 22.938188014985947,
    "swimming_static_drain_multiplier": 3.0260986299844532,
    "swimming_dynamic_power_efficiency": 1.774319081160196,
    "swimming_energy_to_stamina_coeff": 5.332799180297058e-05,
    "env_heat_stress_max_multiplier": 1.4931219738326031,
    "env_rain_weight_max": 7.586585983083688,
    "env_wind_resistance_coeff": 0.0470096906575225,
    "env_mud_penalty_max": 0.48596282082289766,
    "env_temperature_heat_penalty_coeff": 0.01971129347174079,
    "env_temperature_cold_recovery_penalty_coeff": 0.043497015097282654
  }
}