{
  "version": "3.0.0",
  "description": "RSS 多目标优化配置（Optuna 贝叶斯优化）",
  "optimization_method": "Optuna (TPE)",
  "parameters": {
    "energy_to_stamina_coeff": 2.180051536487504e-05,
    "base_recovery_rate": 0.00010584280470192962,
    "standing_recovery_multiplier": 1.4508440766138622,
    "prone_recovery_multiplier": 2.1261061682372446,
    "load_recovery_penalty_coeff": 0.00024020838194704932,
    "load_recovery_penalty_exponent": 1.9622588380711399,
    "encumbrance_speed_penalty_coeff": 0.2508988855900669,
    "encumbrance_stamina_drain_coeff": 1.1238122811247866,
    "sprint_stamina_drain_multiplier": 3.636815292393727,
    "fatigue_accumulation_coeff": 0.009768944240728229,
    "fatigue_max_factor": 2.334115091336436,
    "aerobic_efficiency_factor": 0.8099285024373407,
    "anaerobic_efficiency_factor": 1.4412070677827358,
    "recovery_nonlinear_coeff": 0.3095854694366009,
    "fast_recovery_multiplier": 2.708438949151921,
    "medium_recovery_multiplier": 1.9418181298358206,
    "slow_recovery_multiplier": 0.7552637969318615,
    "marginal_decay_threshold": 0.8931159427095644,
    "marginal_decay_coeff": 1.1488682989930827,
    "min_recovery_stamina_threshold": 0.1743798324802798,
    "min_recovery_rest_time_seconds": 4.75891502079251,
    "sprint_speed_boost": 0.3312941176798009,
    "posture_crouch_multiplier": 1.7131641444050818,
    "posture_prone_multiplier": 2.8684652417690923,
    "jump_stamina_base_cost": 0.036868770979178275,
    "vault_stamina_start_cost": 0.015521059526398451,
    "climb_stamina_tick_cost": 0.010341781725215216,
    "jump_consecutive_penalty": 0.4496579412751879,
    "slope_uphill_coeff": 0.0831911807683406,
    "slope_downhill_coeff": 0.021667460538156817,
    "swimming_base_power": 29.78362030491591,
    "swimming_encumbrance_threshold": 26.04157369348441,
    "swimming_static_drain_multiplier": 3.0204264010603934,
    "swimming_dynamic_power_efficiency": 1.6576113783967619,
    "swimming_energy_to_stamina_coeff": 4.900475678672879e-05,
    "env_heat_stress_max_multiplier": 1.2154040801481238,
    "env_rain_weight_max": 9.847145396112284,
    "env_wind_resistance_coeff": 0.04882874327616302,
    "env_mud_penalty_max": 0.381620166526717,
    "env_temperature_heat_penalty_coeff": 0.017234722514946038,
    "env_temperature_cold_recovery_penalty_coeff": 0.05245092468667853
  }
}