{
  "version": "3.0.0",
  "description": "RSS 微调配置（Balanced - Tweaked）",
  "optimization_method": "NSGA-II (Tweaked)",
  "objectives": {
    "playability_burden": null,
    "stability_risk": null
  },
  "parameters": {
    "energy_to_stamina_coeff": 8.199485436005738e-07,
    "base_recovery_rate": 0.000105,
    "prone_recovery_multiplier": 3.0,
    "standing_recovery_multiplier": 1.4595502366216278,
    "load_recovery_penalty_coeff": 3.3719837922912744e-05,
    "load_recovery_penalty_exponent": 1.0370076347154926,
    "encumbrance_speed_penalty_coeff": 0.17155238541784637,
    "encumbrance_stamina_drain_coeff": 1.0760106047452438,
    "sprint_stamina_drain_multiplier": 2.7,
    "fatigue_accumulation_coeff": 0.005739198349089344,
    "fatigue_max_factor": 2.5444331638172097,
    "aerobic_efficiency_factor": 0.9179749927536133,
    "anaerobic_efficiency_factor": 1.3899067086115047,
    "recovery_nonlinear_coeff": 0.16307126815978848,
    "fast_recovery_multiplier": 1.094587101349183,
    "medium_recovery_multiplier": 0.9848728230938344,
    "slow_recovery_multiplier": 0.7372169494516891,
    "marginal_decay_threshold": 0.7637505005864139,
    "marginal_decay_coeff": 1.112589137643701,
    "min_recovery_stamina_threshold": 0.20,
    "min_recovery_rest_time_seconds": 3.4634527527292183,
    "sprint_speed_boost": 0.29630716323275436,
    "posture_crouch_multiplier": 1.224400781556538,
    "posture_prone_multiplier": 3.0,
    "slope_uphill_coeff": 0.09195132943094661,
    "slope_downhill_coeff": 0.03995868221066675,
    "swimming_base_power": 18.5071181545171,
    "swimming_encumbrance_threshold": 27.67188288931127,
    "swimming_static_drain_multiplier": 2.901930913609242,
    "swimming_dynamic_power_efficiency": 1.979875620303909,
    "swimming_energy_to_stamina_coeff": 5.25501092643674e-05,
    "env_heat_stress_max_multiplier": 1.5494708456745356,
    "env_rain_weight_max": 8.0,
    "env_wind_resistance_coeff": 0.06073093655458073,
    "env_mud_penalty_max": 0.3835533564334668,
    "env_temperature_heat_penalty_coeff": 0.0192135700227707,
    "env_temperature_cold_recovery_penalty_coeff": 0.05475164603177783
  }
}
