{
  "energy_to_stamina_coeff": 1.6762486580255938e-07,
  "base_recovery_rate": 8.45232210216254e-05,
  "standing_recovery_multiplier": 0.8099529270981558,
  "crouching_recovery_multiplier": 1.4944690733801813,
  "prone_recovery_multiplier": 1.7949480598703875,
  "fast_recovery_multiplier": 1.3173894973514577,
  "medium_recovery_multiplier": 0.9929312135762477,
  "slow_recovery_multiplier": 0.3726098785949407,
  "encumbrance_speed_penalty_coeff": 0.30921194998729323,
  "encumbrance_stamina_drain_coeff": 2.3165524060538982,
  "load_recovery_penalty_coeff": 0.00028563630829716636,
  "posture_crouch_multiplier": 3.3381462669763993,
  "posture_prone_multiplier": 3.4004363459928775,
  "sprint_speed_boost": 0.20580506236017265,
  "recovery_nonlinear_coeff": 0.3416094715094934,
  "max_recovery_per_tick": 0.00040992910421115437,
  "willpower_threshold": 0.338359114866622,
  "sprint_enable_threshold": 0.23501672497827122,
  "_metrics": {
    "combat_ease": 0.8195061313573231,
    "recovery_ease": 0.00099411295790208,
    "parameter_realism": 2.9505809178879
  },
  "_philosophy": "低 combat_ease + 低 recovery_ease → 最拟真/最硬核"
}