{
  "version": "3.0.0",
  "description": "RSS 增强型优化配置（NSGA-II）- EliteStandard",
  "optimization_method": "NSGA-II (Super Pipeline)",
  "objectives": {
    "realism_loss": 1.1216544472140548e-13,
    "playability_burden": 0.0,
    "stability_risk": 0.0
  },
  "parameters": {
    "energy_to_stamina_coeff": 5.932839663256793e-05,
    "base_recovery_rate": 0.0003947826877397212,
    "prone_recovery_multiplier": 2.3652773496127115,
    "standing_recovery_multiplier": 1.4423580201308843,
    "load_recovery_penalty_coeff": 0.00012130327472246061,
    "load_recovery_penalty_exponent": 1.3190326481643582,
    "encumbrance_speed_penalty_coeff": 0.10980867601716877,
    "encumbrance_stamina_drain_coeff": 1.240045012706199,
    "sprint_stamina_drain_multiplier": 3.227905740884214,
    "fatigue_accumulation_coeff": 0.016787416372858823,
    "fatigue_max_factor": 2.0313492744469612,
    "aerobic_efficiency_factor": 0.8938134956909851,
    "anaerobic_efficiency_factor": 1.4503157994406068,
    "recovery_nonlinear_coeff": 0.5113298438447526,
    "fast_recovery_multiplier": 3.262607369968264,
    "medium_recovery_multiplier": 1.9249258381165226,
    "slow_recovery_multiplier": 0.5170831501893385,
    "marginal_decay_threshold": 0.8744835806982311,
    "marginal_decay_coeff": 1.1290443522034068,
    "min_recovery_stamina_threshold": 0.19404491538547047,
    "min_recovery_rest_time_seconds": 1.0151265917420047,
    "sprint_speed_boost": 0.33893549337669693,
    "posture_crouch_multiplier": 0.7628748214716501,
    "posture_prone_multiplier": 0.6200321792044691,
    "jump_stamina_base_cost": 0.027644037700059132,
    "vault_stamina_start_cost": 0.024809469126089414,
    "climb_stamina_tick_cost": 0.01175086924431621,
    "jump_consecutive_penalty": 0.5807833133205341,
    "slope_uphill_coeff": 0.0664774364427466,
    "slope_downhill_coeff": 0.023732078325808908,
    "swimming_base_power": 24.99330755358171,
    "swimming_encumbrance_threshold": 20.28932515154274,
    "swimming_static_drain_multiplier": 2.9063637536701212,
    "swimming_dynamic_power_efficiency": 1.7387941275313652,
    "swimming_energy_to_stamina_coeff": 4.185636658310924e-05,
    "env_heat_stress_max_multiplier": 1.2857712708757252,
    "env_rain_weight_max": 9.980330136249743,
    "env_wind_resistance_coeff": 0.061276660111670135,
    "env_mud_penalty_max": 0.464589268884568,
    "env_temperature_heat_penalty_coeff": 0.024089107048359214,
    "env_temperature_cold_recovery_penalty_coeff": 0.05796554565761408
  }
}