{
  "version": "3.0.0",
  "description": "RSS 增强型优化配置（NSGA-II）- StandardMilsim",
  "optimization_method": "NSGA-II (Super Pipeline)",
  "objectives": {
    "playability_burden": 193.76020153420495,
    "stability_risk": 224.71258547460178
  },
  "parameters": {
    "energy_to_stamina_coeff": 5.861042135039323e-07,
    "base_recovery_rate": 0.00017573035655993587,
    "prone_recovery_multiplier": 2.184452617854535,
    "standing_recovery_multiplier": 1.4417101098365601,
    "load_recovery_penalty_coeff": 1.9226493631394653e-05,
    "load_recovery_penalty_exponent": 1.3996758904418702,
    "encumbrance_speed_penalty_coeff": 0.14330858775314304,
    "encumbrance_speed_penalty_max": 0.6859012465629161,
    "encumbrance_stamina_drain_coeff": 1.4028468677913009,
    "fatigue_accumulation_coeff": 0.006089600125080997,
    "fatigue_max_factor": 2.9032819281966047,
    "recovery_nonlinear_coeff": 0.3352800595318403,
    "slow_recovery_multiplier": 0.6422568082780739,
    "medium_recovery_multiplier": 1.3348126729762309,
    "fast_recovery_multiplier": 2.229991085487884,
    "marginal_decay_threshold": 0.8790088575594968,
    "marginal_decay_coeff": 1.0832238865896615,
    "min_recovery_stamina_threshold": 0.20785964696795464,
    "min_recovery_rest_time_seconds": 9.800671687486604,
    "sprint_speed_boost": 0.33581627623391264,
    "posture_crouch_multiplier": 1.8870993297645933,
    "posture_prone_multiplier": 2.2370497107576353,
    "jump_height_guess": 0.7770878512004176,
    "jump_horizontal_speed_guess": 1.0558102996424246,
    "swimming_base_power": 20.625114161047662,
    "swimming_encumbrance_threshold": 26.0059838227167,
    "swimming_static_drain_multiplier": 3.0744546382907956,
    "swimming_dynamic_power_efficiency": 1.5818644039948455,
    "swimming_energy_to_stamina_coeff": 5.34053068942757e-05,
    "env_heat_stress_max_multiplier": 1.3879100039354766,
    "env_rain_weight_max": 7.753829122165654,
    "env_wind_resistance_coeff": 0.06439996875127203,
    "env_mud_penalty_max": 0.30464534269222354,
    "env_temperature_heat_penalty_coeff": 0.017513149179587552,
    "env_temperature_cold_recovery_penalty_coeff": 0.04242806999685493,
    "load_metabolic_dampening": 0.5123693656134041,
    "max_recovery_per_tick": 0.000310270799070379,
    "slope_uphill_coeff": 0.08,
    "slope_downhill_coeff": 0.03,
    "encumbrance_speed_penalty_exponent": 1.5
  }
}