{
  "version": "3.0.0",
  "description": "RSS 增强型优化配置（NSGA-II）- StandardMilsim",
  "optimization_method": "NSGA-II (Super Pipeline)",
  "objectives": {
    "playability_burden": 215.76499784065135,
    "stability_risk": 269.1797949291014
  },
  "parameters": {
    "energy_to_stamina_coeff": 6.417854246209875e-07,
    "base_recovery_rate": 0.0004383480646704808,
    "prone_recovery_multiplier": 3.4077621921963757,
    "standing_recovery_multiplier": 1.8590063667030952,
    "load_recovery_penalty_coeff": 0.0003913180844838934,
    "load_recovery_penalty_exponent": 1.938085259516154,
    "encumbrance_speed_penalty_coeff": 0.15417458429405917,
    "encumbrance_speed_penalty_max": 0.6729552924592255,
    "encumbrance_stamina_drain_coeff": 1.5389912759967919,
    "fatigue_accumulation_coeff": 0.012307126250143371,
    "fatigue_max_factor": 2.5424684379079956,
    "recovery_nonlinear_coeff": 0.11464490715556495,
    "slow_recovery_multiplier": 0.5396760776468158,
    "medium_recovery_multiplier": 1.0043668627111872,
    "fast_recovery_multiplier": 1.0964196576573246,
    "marginal_decay_threshold": 0.7233403536847273,
    "marginal_decay_coeff": 1.1419746433567106,
    "min_recovery_stamina_threshold": 0.2163804286910786,
    "min_recovery_rest_time_seconds": 11.241460365908448,
    "sprint_speed_boost": 0.3355352008565676,
    "posture_crouch_multiplier": 1.7441847434774256,
    "posture_prone_multiplier": 2.1137016295327014,
    "jump_height_guess": 0.9191514568585448,
    "jump_horizontal_speed_guess": 0.5079929193547088,
    "swimming_base_power": 21.988592305298944,
    "swimming_encumbrance_threshold": 22.905941604996073,
    "swimming_static_drain_multiplier": 3.0000712506738,
    "swimming_dynamic_power_efficiency": 2.3162527115304155,
    "swimming_energy_to_stamina_coeff": 4.3135546928487355e-05,
    "env_heat_stress_max_multiplier": 1.5909005580957114,
    "env_rain_weight_max": 6.280863691442905,
    "env_wind_resistance_coeff": 0.051360356389620165,
    "env_mud_penalty_max": 0.4832051038703896,
    "env_temperature_heat_penalty_coeff": 0.024456938848825254,
    "env_temperature_cold_recovery_penalty_coeff": 0.04464217925759552,
    "slope_uphill_coeff": 0.08,
    "slope_downhill_coeff": 0.03
  }
}