{
  "version": "3.0.0",
  "description": "RSS 增强型优化配置（NSGA-II）- EliteStandard",
  "optimization_method": "NSGA-II (Super Pipeline)",
  "objectives": {
    "playability_burden": 15.033700994581176,
    "stability_risk": 73.21334663247033
  },
  "parameters": {
    "energy_to_stamina_coeff": 6.568458608013583e-07,
    "base_recovery_rate": 2.152953810434569e-05,
    "prone_recovery_multiplier": 2.148627327751161,
    "standing_recovery_multiplier": 1.3095644832186435,
    "load_recovery_penalty_coeff": 2.320018316654832e-06,
    "load_recovery_penalty_exponent": 1.88969372532756,
    "encumbrance_speed_penalty_coeff": 0.1730425033459361,
    "encumbrance_speed_penalty_max": 0.5948492299694687,
    "encumbrance_stamina_drain_coeff": 0.9781193881814283,
    "fatigue_accumulation_coeff": 0.018080834793215667,
    "fatigue_max_factor": 2.9149475958684787,
    "recovery_nonlinear_coeff": 0.6701704301022913,
    "slow_recovery_multiplier": 0.6620087576782063,
    "medium_recovery_multiplier": 1.9985625395500142,
    "fast_recovery_multiplier": 2.9350287609381374,
    "marginal_decay_threshold": 0.7597606128166549,
    "marginal_decay_coeff": 1.1358356055159096,
    "min_recovery_stamina_threshold": 0.24986114270374543,
    "min_recovery_rest_time_seconds": 17.592824684649145,
    "sprint_speed_boost": 0.3189814910220467,
    "posture_crouch_multiplier": 1.9951407225115225,
    "posture_prone_multiplier": 3.0953436115964728,
    "jump_height_guess": 0.6786335026866566,
    "jump_horizontal_speed_guess": 1.1726187882229118,
    "swimming_base_power": 18.55339708219547,
    "swimming_encumbrance_threshold": 29.617624783454687,
    "swimming_static_drain_multiplier": 3.0742703802570874,
    "swimming_dynamic_power_efficiency": 2.1010826653932155,
    "swimming_energy_to_stamina_coeff": 5.741053932538769e-05,
    "env_heat_stress_max_multiplier": 1.5332227765056854,
    "env_rain_weight_max": 8.752455505044221,
    "env_wind_resistance_coeff": 0.03084655255928153,
    "env_mud_penalty_max": 0.3673411337795067,
    "env_temperature_heat_penalty_coeff": 0.016172039056802333,
    "env_temperature_cold_recovery_penalty_coeff": 0.04674413151131504,
    "slope_uphill_coeff": 0.08,
    "slope_downhill_coeff": 0.03
  }
}