{
  "version": "3.0.0",
  "description": "RSS 增强型优化配置（NSGA-II）- StandardMilsim",
  "optimization_method": "NSGA-II (Super Pipeline)",
  "objectives": {
    "realism_loss": 1.1216544472140548e-13,
    "playability_burden": 0.0,
    "stability_risk": 0.0
  },
  "parameters": {
    "energy_to_stamina_coeff": 3.454367976558387e-05,
    "base_recovery_rate": 0.00015952483400924437,
    "prone_recovery_multiplier": 2.7358552242070227,
    "standing_recovery_multiplier": 1.9231983577460658,
    "load_recovery_penalty_coeff": 0.00038447313874450956,
    "load_recovery_penalty_exponent": 1.5539665775237963,
    "encumbrance_speed_penalty_coeff": 0.16763375559627605,
    "encumbrance_stamina_drain_coeff": 1.355335728642236,
    "sprint_stamina_drain_multiplier": 3.213344689535428,
    "fatigue_accumulation_coeff": 0.02002146239842612,
    "fatigue_max_factor": 2.9940401937440773,
    "aerobic_efficiency_factor": 0.8165747405361322,
    "anaerobic_efficiency_factor": 1.1234177330860187,
    "recovery_nonlinear_coeff": 0.6248571675899286,
    "fast_recovery_multiplier": 3.058455272502639,
    "medium_recovery_multiplier": 1.507047152326468,
    "slow_recovery_multiplier": 0.6403247759248747,
    "marginal_decay_threshold": 0.8886186376209737,
    "marginal_decay_coeff": 1.1013727259182458,
    "min_recovery_stamina_threshold": 0.2111423615592889,
    "min_recovery_rest_time_seconds": 1.882420603546036,
    "sprint_speed_boost": 0.31867317973862835,
    "posture_crouch_multiplier": 0.6275992448524315,
    "posture_prone_multiplier": 0.24452320415974352,
    "jump_stamina_base_cost": 0.04337551820670172,
    "vault_stamina_start_cost": 0.02141297694260591,
    "climb_stamina_tick_cost": 0.011488523436389479,
    "jump_consecutive_penalty": 0.5859203526083031,
    "slope_uphill_coeff": 0.0687848900165263,
    "slope_downhill_coeff": 0.03803166040074735,
    "swimming_base_power": 24.990413033809734,
    "swimming_encumbrance_threshold": 20.269674360366302,
    "swimming_static_drain_multiplier": 3.068775398424934,
    "swimming_dynamic_power_efficiency": 2.4117608217888162,
    "swimming_energy_to_stamina_coeff": 5.249039477087858e-05,
    "env_heat_stress_max_multiplier": 1.4408980267651923,
    "env_rain_weight_max": 9.933178945000272,
    "env_wind_resistance_coeff": 0.055352351427400026,
    "env_mud_penalty_max": 0.3303636233670501,
    "env_temperature_heat_penalty_coeff": 0.01855847565211693,
    "env_temperature_cold_recovery_penalty_coeff": 0.043645034771575705
  }
}