{
  "version": "3.0.0",
  "description": "RSS 增强型优化配置（NSGA-II）- EliteStandard",
  "optimization_method": "NSGA-II (Super Pipeline)",
  "objectives": {
    "playability_burden": 1573.715397604017,
    "stability_risk": 8542.704166666666,
    "physiological_realism": 5698.088441686654
  },
  "parameters": {
    "energy_to_stamina_coeff": 3.1737902064489306e-05,
    "base_recovery_rate": 0.0003181285917300262,
    "prone_recovery_multiplier": 2.083713587731364,
    "standing_recovery_multiplier": 1.6255679817263675,
    "load_recovery_penalty_coeff": 0.00011020478930151051,
    "load_recovery_penalty_exponent": 1.9925902510012794,
    "encumbrance_speed_penalty_coeff": 0.20889226642983372,
    "encumbrance_stamina_drain_coeff": 1.0021286613582983,
    "sprint_stamina_drain_multiplier": 4.276546441435315,
    "fatigue_accumulation_coeff": 0.005055707662252088,
    "fatigue_max_factor": 2.6133797807986308,
    "aerobic_efficiency_factor": 0.908879771028625,
    "anaerobic_efficiency_factor": 1.1910965804501006,
    "recovery_nonlinear_coeff": 0.6041858425104267,
    "fast_recovery_multiplier": 2.9685970422170844,
    "medium_recovery_multiplier": 1.7449370932201937,
    "slow_recovery_multiplier": 0.7276145963491762,
    "marginal_decay_threshold": 0.8194310611980604,
    "marginal_decay_coeff": 1.094994367426886,
    "min_recovery_stamina_threshold": 0.21929089110247676,
    "min_recovery_rest_time_seconds": 3.315227018047762,
    "sprint_speed_boost": 0.31323913243283874,
    "posture_crouch_multiplier": 0.9924645542207458,
    "posture_prone_multiplier": 0.5229320611210853,
    "jump_stamina_base_cost": 0.03932794223916198,
    "vault_stamina_start_cost": 0.02445774717008461,
    "climb_stamina_tick_cost": 0.008788424155294608,
    "jump_consecutive_penalty": 0.46276536164488313,
    "slope_uphill_coeff": 0.09413268746666345,
    "slope_downhill_coeff": 0.024298252740727916,
    "swimming_base_power": 19.24850842868087,
    "swimming_encumbrance_threshold": 28.753632399007607,
    "swimming_static_drain_multiplier": 3.2044936364116845,
    "swimming_dynamic_power_efficiency": 1.687920380815323,
    "swimming_energy_to_stamina_coeff": 5.030334056773178e-05,
    "env_heat_stress_max_multiplier": 1.4784624580551702,
    "env_rain_weight_max": 7.531195057745551,
    "env_wind_resistance_coeff": 0.04483894850368676,
    "env_mud_penalty_max": 0.4544304055231676,
    "env_temperature_heat_penalty_coeff": 0.022962414505413687,
    "env_temperature_cold_recovery_penalty_coeff": 0.04907693127613823
  }
}