{
  "version": "3.0.0",
  "description": "RSS 增强型优化配置（NSGA-II）- EliteStandard",
  "optimization_method": "NSGA-II (Super Pipeline)",
  "objectives": {
    "playability_burden": 35.54508143354766,
    "stability_risk": 138.43096551333383
  },
  "parameters": {
    "energy_to_stamina_coeff": 9.075856535702183e-07,
    "base_recovery_rate": 0.0007000370035337013,
    "prone_recovery_multiplier": 3.1110537248100667,
    "standing_recovery_multiplier": 1.4692947058232493,
    "load_recovery_penalty_coeff": 0.0001192295101393539,
    "load_recovery_penalty_exponent": 1.9130330980537908,
    "encumbrance_speed_penalty_coeff": 0.10471067309264465,
    "encumbrance_speed_penalty_max": 0.6475644984713719,
    "encumbrance_stamina_drain_coeff": 1.2379360414984448,
    "fatigue_accumulation_coeff": 0.010429376146688736,
    "fatigue_max_factor": 2.239281508357405,
    "recovery_nonlinear_coeff": 0.5186818509431672,
    "slow_recovery_multiplier": 0.5102293585000259,
    "medium_recovery_multiplier": 1.727112731706776,
    "fast_recovery_multiplier": 1.8292376099991083,
    "marginal_decay_threshold": 0.7910599695494687,
    "marginal_decay_coeff": 1.0650964993130294,
    "min_recovery_stamina_threshold": 0.2323574277351307,
    "min_recovery_rest_time_seconds": 11.273218183513372,
    "sprint_speed_boost": 0.3117865481223033,
    "posture_crouch_multiplier": 1.7143753706491558,
    "posture_prone_multiplier": 2.618001572547765,
    "jump_height_guess": 0.6368010518571827,
    "jump_horizontal_speed_guess": 1.183437502515519,
    "swimming_base_power": 15.735082768026752,
    "swimming_encumbrance_threshold": 21.91593967902995,
    "swimming_static_drain_multiplier": 3.0515342496463607,
    "swimming_dynamic_power_efficiency": 2.447088324752695,
    "swimming_energy_to_stamina_coeff": 4.149515693443561e-05,
    "env_heat_stress_max_multiplier": 1.2172336864627458,
    "env_rain_weight_max": 6.626202699711422,
    "env_wind_resistance_coeff": 0.05564612515440626,
    "env_mud_penalty_max": 0.3797985833340494,
    "env_temperature_heat_penalty_coeff": 0.023255523794176863,
    "env_temperature_cold_recovery_penalty_coeff": 0.041438663029627315,
    "load_metabolic_dampening": 0.5687449303851454,
    "max_recovery_per_tick": 0.0003200105621859583,
    "slope_uphill_coeff": 0.08,
    "slope_downhill_coeff": 0.03
  }
}