{
  "version": "3.0.0",
  "description": "RSS 增强型优化配置（NSGA-II）- TacticalAction",
  "optimization_method": "NSGA-II (Super Pipeline)",
  "objectives": {
    "playability_burden": 13.970413715280765,
    "stability_risk": 6.172360030385159
  },
  "parameters": {
    "energy_to_stamina_coeff": 6.482774983259387e-07,
    "base_recovery_rate": 7.084874359794911e-05,
    "prone_recovery_multiplier": 2.3149307312445124,
    "standing_recovery_multiplier": 1.4363339951340721,
    "load_recovery_penalty_coeff": 5.5066214361378506e-06,
    "load_recovery_penalty_exponent": 1.149249469741474,
    "encumbrance_speed_penalty_coeff": 0.1321809241293896,
    "encumbrance_speed_penalty_exponent": 2.7586604313569483,
    "encumbrance_speed_penalty_max": 0.40185836574462674,
    "encumbrance_stamina_drain_coeff": 1.0776567636522176,
    "sprint_stamina_drain_multiplier": 3.0797454676249307,
    "fatigue_accumulation_coeff": 0.01854287325342951,
    "fatigue_max_factor": 2.7507139633092925,
    "aerobic_efficiency_factor": 0.9290081071362997,
    "anaerobic_efficiency_factor": 1.3256871908133463,
    "recovery_nonlinear_coeff": 0.2783008962512503,
    "fast_recovery_multiplier": 1.0683059877788796,
    "medium_recovery_multiplier": 1.0088535892154775,
    "slow_recovery_multiplier": 0.6866592938840399,
    "marginal_decay_threshold": 0.7024274916630401,
    "marginal_decay_coeff": 1.0988643897098758,
    "min_recovery_stamina_threshold": 0.21442054818406922,
    "min_recovery_rest_time_seconds": 4.672767092918936,
    "sprint_speed_boost": 0.3099920532694157,
    "posture_crouch_multiplier": 2.0260646845482855,
    "posture_prone_multiplier": 3.444256622549069,
    "jump_stamina_base_cost": 0.027928725132056322,
    "vault_stamina_start_cost": 0.02332929715574228,
    "climb_stamina_tick_cost": 0.009525343268489138,
    "jump_consecutive_penalty": 0.5475901894795184,
    "slope_uphill_coeff": 0.09060760811924119,
    "slope_downhill_coeff": 0.03342541650458265,
    "swimming_base_power": 20.976870299435006,
    "swimming_encumbrance_threshold": 29.270121129250803,
    "swimming_static_drain_multiplier": 2.8983776756594306,
    "swimming_dynamic_power_efficiency": 1.984020572509404,
    "swimming_energy_to_stamina_coeff": 4.638190679745976e-05,
    "env_heat_stress_max_multiplier": 1.5548567994776576,
    "env_rain_weight_max": 9.175272415632158,
    "env_wind_resistance_coeff": 0.03196977605633156,
    "env_mud_penalty_max": 0.30785388284833043,
    "env_temperature_heat_penalty_coeff": 0.01636385392933677,
    "env_temperature_cold_recovery_penalty_coeff": 0.04164808869168089
  }
}