{
  "version": "3.0.0",
  "description": "RSS 增强型优化配置（NSGA-II）- TacticalAction",
  "optimization_method": "NSGA-II (Super Pipeline)",
  "objectives": {
    "playability_burden": 3.714989404989502,
    "stability_risk": 7.168367450499045
  },
  "parameters": {
    "energy_to_stamina_coeff": 5.770063013859399e-07,
    "base_recovery_rate": 6.106360837445506e-05,
    "prone_recovery_multiplier": 2.3574993561603512,
    "standing_recovery_multiplier": 1.750709118189673,
    "load_recovery_penalty_coeff": 6.386561809347027e-06,
    "load_recovery_penalty_exponent": 1.4606727916549933,
    "encumbrance_speed_penalty_coeff": 0.20716179202151352,
    "encumbrance_stamina_drain_coeff": 1.0367033332768634,
    "sprint_stamina_drain_multiplier": 3.0530535027232135,
    "fatigue_accumulation_coeff": 0.01059146283870477,
    "fatigue_max_factor": 2.275908254631466,
    "aerobic_efficiency_factor": 0.9973804023181924,
    "anaerobic_efficiency_factor": 1.3915396077458446,
    "recovery_nonlinear_coeff": 0.28328146093898376,
    "fast_recovery_multiplier": 1.0856212205390268,
    "medium_recovery_multiplier": 0.8521257854352385,
    "slow_recovery_multiplier": 0.5328447098206982,
    "marginal_decay_threshold": 0.7013981570798348,
    "marginal_decay_coeff": 1.0720623908310254,
    "min_recovery_stamina_threshold": 0.2134048376436365,
    "min_recovery_rest_time_seconds": 2.967634058659469,
    "sprint_speed_boost": 0.30940242946642976,
    "posture_crouch_multiplier": 1.9768213672402812,
    "posture_prone_multiplier": 3.444813539149435,
    "jump_stamina_base_cost": 0.03177465911548863,
    "vault_stamina_start_cost": 0.023419606812337943,
    "climb_stamina_tick_cost": 0.009173914309436058,
    "jump_consecutive_penalty": 0.466182953156039,
    "slope_uphill_coeff": 0.06993149918523384,
    "slope_downhill_coeff": 0.03837146959769219,
    "swimming_base_power": 17.745723155510216,
    "swimming_encumbrance_threshold": 23.59740869502523,
    "swimming_static_drain_multiplier": 2.502140919345475,
    "swimming_dynamic_power_efficiency": 1.5365698123629583,
    "swimming_energy_to_stamina_coeff": 4.477995360423103e-05,
    "env_heat_stress_max_multiplier": 1.574793485934385,
    "env_rain_weight_max": 7.837717273570124,
    "env_wind_resistance_coeff": 0.06857411586560663,
    "env_mud_penalty_max": 0.4474709620049722,
    "env_temperature_heat_penalty_coeff": 0.02329334591632156,
    "env_temperature_cold_recovery_penalty_coeff": 0.04209753776698002
  }
}