{
  "version": "3.0.0",
  "description": "RSS 多目标优化配置（Optuna 贝叶斯优化）",
  "optimization_method": "Optuna (TPE)",
  "parameters": {
    "energy_to_stamina_coeff": 2.594736653323131e-05,
    "base_recovery_rate": 0.00011771375024351547,
    "standing_recovery_multiplier": 1.7713649732145393,
    "prone_recovery_multiplier": 1.867629656758992,
    "load_recovery_penalty_coeff": 0.0002511485284969675,
    "load_recovery_penalty_exponent": 2.2896839019093056,
    "encumbrance_speed_penalty_coeff": 0.2935474086700069,
    "encumbrance_stamina_drain_coeff": 1.8447945069907803,
    "sprint_stamina_drain_multiplier": 2.805616362285825,
    "fatigue_accumulation_coeff": 0.00555723290213923,
    "fatigue_max_factor": 2.9645946079510956,
    "aerobic_efficiency_factor": 0.8078673120263339,
    "anaerobic_efficiency_factor": 1.4572848405289671,
    "recovery_nonlinear_coeff": 0.418231241854924,
    "fast_recovery_multiplier": 2.6186949714527445,
    "medium_recovery_multiplier": 1.8492205197861067,
    "slow_recovery_multiplier": 0.6364076345006212,
    "marginal_decay_threshold": 0.8895517454331935,
    "marginal_decay_coeff": 1.1051180275805321,
    "min_recovery_stamina_threshold": 0.24004226738120443,
    "min_recovery_rest_time_seconds": 1.41997641111076,
    "sprint_speed_boost": 0.3130470337411602,
    "posture_crouch_multiplier": 2.1567431342428627,
    "posture_prone_multiplier": 3.4048024662140373,
    "jump_stamina_base_cost": 0.03871988156154044,
    "vault_stamina_start_cost": 0.01570609108810393,
    "climb_stamina_tick_cost": 0.01018374820650817,
    "jump_consecutive_penalty": 0.4136891294511908,
    "slope_uphill_coeff": 0.07807807584481152,
    "slope_downhill_coeff": 0.0322019263770332,
    "swimming_base_power": 26.000075554804432,
    "swimming_encumbrance_threshold": 29.633200478819443,
    "swimming_static_drain_multiplier": 2.54695440376267,
    "swimming_dynamic_power_efficiency": 1.5002312725169313,
    "swimming_energy_to_stamina_coeff": 4.2221089179385354e-05,
    "env_heat_stress_max_multiplier": 1.2279613186987743,
    "env_rain_weight_max": 9.883865430532252,
    "env_wind_resistance_coeff": 0.04489777436016379,
    "env_mud_penalty_max": 0.3919281025120925,
    "env_temperature_heat_penalty_coeff": 0.01572950390567458,
    "env_temperature_cold_recovery_penalty_coeff": 0.048144686847468046
  }
}