{
  "version": "3.0.0",
  "description": "RSS 增强型优化配置（NSGA-II）- EliteStandard",
  "optimization_method": "NSGA-II (Super Pipeline)",
  "objectives": {
    "playability_burden": 140.0,
    "stability_risk": 616.9242621879489
  },
  "parameters": {
    "energy_to_stamina_coeff": 3.0516274698996572e-05,
    "base_recovery_rate": 0.00017002892233782902,
    "prone_recovery_multiplier": 2.0316950602786856,
    "standing_recovery_multiplier": 1.3607213078641875,
    "load_recovery_penalty_coeff": 0.00012732983562135998,
    "load_recovery_penalty_exponent": 2.3260544074462945,
    "encumbrance_speed_penalty_coeff": 0.15630700802137887,
    "encumbrance_stamina_drain_coeff": 0.970994651481816,
    "sprint_stamina_drain_multiplier": 2.3213501976709043,
    "fatigue_accumulation_coeff": 0.01513521734595017,
    "fatigue_max_factor": 1.9308318138077263,
    "aerobic_efficiency_factor": 0.9970470720296257,
    "anaerobic_efficiency_factor": 1.1721494115433426,
    "recovery_nonlinear_coeff": 0.4305845232975967,
    "fast_recovery_multiplier": 1.6591911073615242,
    "medium_recovery_multiplier": 1.1280957572196775,
    "slow_recovery_multiplier": 0.5609868666307869,
    "marginal_decay_threshold": 0.7276250586280494,
    "marginal_decay_coeff": 1.1359111757646916,
    "min_recovery_stamina_threshold": 0.15928997144941193,
    "min_recovery_rest_time_seconds": 1.2526709236121243,
    "sprint_speed_boost": 0.27390663840750296,
    "posture_crouch_multiplier": 0.6338758327697709,
    "posture_prone_multiplier": 0.6803520194654498,
    "jump_stamina_base_cost": 0.029003004884896204,
    "vault_stamina_start_cost": 0.0207189896766037,
    "climb_stamina_tick_cost": 0.008838761109720804,
    "jump_consecutive_penalty": 0.5953122046645809,
    "slope_uphill_coeff": 0.09858742225787367,
    "slope_downhill_coeff": 0.02063172289651284,
    "swimming_base_power": 18.033855436291333,
    "swimming_encumbrance_threshold": 27.818909129968898,
    "swimming_static_drain_multiplier": 3.0412963353010705,
    "swimming_dynamic_power_efficiency": 2.375556654349606,
    "swimming_energy_to_stamina_coeff": 5.75186785089065e-05,
    "env_heat_stress_max_multiplier": 1.485634772852971,
    "env_rain_weight_max": 6.70426814415063,
    "env_wind_resistance_coeff": 0.05686835436976244,
    "env_mud_penalty_max": 0.4458619600954412,
    "env_temperature_heat_penalty_coeff": 0.01580114846384675,
    "env_temperature_cold_recovery_penalty_coeff": 0.045298143869956405
  }
}