{
  "version": "3.0.0",
  "description": "RSS 增强型优化配置（NSGA-II）- TacticalAction",
  "optimization_method": "NSGA-II (Super Pipeline)",
  "objectives": {
    "playability_burden": 184.81999187441352,
    "stability_risk": 347.8820956105982
  },
  "parameters": {
    "energy_to_stamina_coeff": 5.206819564575908e-07,
    "base_recovery_rate": 0.00022486930459027555,
    "prone_recovery_multiplier": 2.3619416850105655,
    "standing_recovery_multiplier": 1.6983723425934798,
    "load_recovery_penalty_coeff": 0.00024341654061807506,
    "load_recovery_penalty_exponent": 1.7877087308864188,
    "encumbrance_speed_penalty_coeff": 0.13755341293232964,
    "encumbrance_speed_penalty_max": 0.5014127247991119,
    "encumbrance_stamina_drain_coeff": 1.4204034069076958,
    "fatigue_accumulation_coeff": 0.01263245126833173,
    "fatigue_max_factor": 2.39224556603848,
    "recovery_nonlinear_coeff": 0.5706768801360275,
    "slow_recovery_multiplier": 0.7247314884199244,
    "medium_recovery_multiplier": 1.5074979078343704,
    "fast_recovery_multiplier": 2.4485850051435234,
    "marginal_decay_threshold": 0.8491564316002543,
    "marginal_decay_coeff": 1.0706796366357607,
    "min_recovery_stamina_threshold": 0.22794883464715338,
    "min_recovery_rest_time_seconds": 21.09093384285066,
    "sprint_speed_boost": 0.33755014156992613,
    "posture_crouch_multiplier": 1.7364579854892288,
    "posture_prone_multiplier": 2.1539846142163372,
    "jump_height_guess": 0.3698065200462481,
    "jump_horizontal_speed_guess": 1.1150418757318863,
    "swimming_base_power": 23.86261384529813,
    "swimming_encumbrance_threshold": 26.508383588369067,
    "swimming_static_drain_multiplier": 2.6441600603883697,
    "swimming_dynamic_power_efficiency": 2.434896448517574,
    "swimming_energy_to_stamina_coeff": 5.978204029078639e-05,
    "env_heat_stress_max_multiplier": 1.3733514439739687,
    "env_rain_weight_max": 8.379301157095085,
    "env_wind_resistance_coeff": 0.06108914080006632,
    "env_mud_penalty_max": 0.4472779580100089,
    "env_temperature_heat_penalty_coeff": 0.024677871919334494,
    "env_temperature_cold_recovery_penalty_coeff": 0.04229766182157578,
    "slope_uphill_coeff": 0.08,
    "slope_downhill_coeff": 0.03
  }
}