{
  "version": "3.0.0",
  "description": "RSS 增强型优化配置（NSGA-II）- EliteStandard",
  "optimization_method": "NSGA-II (Super Pipeline)",
  "objectives": {
    "playability_burden": 20.369903073794354,
    "stability_risk": 166.36945862559298
  },
  "parameters": {
    "energy_to_stamina_coeff": 5.191297359225133e-07,
    "base_recovery_rate": 6.829961105336801e-05,
    "prone_recovery_multiplier": 2.477027279991506,
    "standing_recovery_multiplier": 1.0312051366102546,
    "load_recovery_penalty_coeff": 1.6965281867192795e-05,
    "load_recovery_penalty_exponent": 1.8226534590503691,
    "encumbrance_speed_penalty_coeff": 0.13416983551111455,
    "encumbrance_speed_penalty_max": 0.6497173125105724,
    "encumbrance_stamina_drain_coeff": 1.0229816053816994,
    "fatigue_accumulation_coeff": 0.008878391566182519,
    "fatigue_max_factor": 2.5376664587129736,
    "recovery_nonlinear_coeff": 0.3069772508555393,
    "slow_recovery_multiplier": 0.5314411968618767,
    "medium_recovery_multiplier": 1.9520432555319958,
    "fast_recovery_multiplier": 4.131168568854321,
    "marginal_decay_threshold": 0.8057313207978551,
    "marginal_decay_coeff": 1.1298555838130597,
    "min_recovery_stamina_threshold": 0.15784924244669063,
    "min_recovery_rest_time_seconds": 8.951118113569565,
    "sprint_speed_boost": 0.34371372869012873,
    "posture_crouch_multiplier": 1.592888477349354,
    "posture_prone_multiplier": 2.5758298099746275,
    "jump_height_guess": 0.6053722184500101,
    "jump_horizontal_speed_guess": 0.6566475824821927,
    "swimming_base_power": 19.377168249335412,
    "swimming_encumbrance_threshold": 27.621296204503246,
    "swimming_static_drain_multiplier": 3.058171183890441,
    "swimming_dynamic_power_efficiency": 1.8470023354122,
    "swimming_energy_to_stamina_coeff": 4.695159808715001e-05,
    "env_heat_stress_max_multiplier": 1.5498974598626265,
    "env_rain_weight_max": 8.009487279888383,
    "env_wind_resistance_coeff": 0.06979399228247171,
    "env_mud_penalty_max": 0.36047970396579554,
    "env_temperature_heat_penalty_coeff": 0.015367129434830666,
    "env_temperature_cold_recovery_penalty_coeff": 0.05824416473563051,
    "load_metabolic_dampening": 0.58355845587691,
    "max_recovery_per_tick": 0.0005682143540410218,
    "slope_uphill_coeff": 0.08,
    "slope_downhill_coeff": 0.03
  }
}