{
  "version": "3.0.0",
  "description": "RSS 增强型优化配置（NSGA-II）- EliteStandard",
  "optimization_method": "NSGA-II (Super Pipeline)",
  "objectives": {
    "playability_burden": 200000.0,
    "stability_risk": 162.26682280353066
  },
  "parameters": {
    "energy_to_stamina_coeff": 2.6567177518069073e-06,
    "base_recovery_rate": 0.00022307409454109346,
    "prone_recovery_multiplier": 1.775586749276945,
    "standing_recovery_multiplier": 1.8993131163974115,
    "load_recovery_penalty_coeff": 0.00014677072232038542,
    "load_recovery_penalty_exponent": 1.2787827458731305,
    "encumbrance_speed_penalty_coeff": 0.11658589670204847,
    "encumbrance_speed_penalty_max": 0.650164378078113,
    "encumbrance_stamina_drain_coeff": 0.9182670356550262,
    "fatigue_accumulation_coeff": 0.009845184215854227,
    "fatigue_max_factor": 2.932520224473878,
    "recovery_nonlinear_coeff": 0.6047818897463845,
    "slow_recovery_multiplier": 0.5185445701339187,
    "medium_recovery_multiplier": 1.2178975080458692,
    "fast_recovery_multiplier": 1.6937613517021068,
    "marginal_decay_threshold": 0.8898481275374279,
    "marginal_decay_coeff": 1.148594156622208,
    "min_recovery_stamina_threshold": 0.1734993020540038,
    "min_recovery_rest_time_seconds": 18.39398089657505,
    "sprint_speed_boost": 0.3389142212432983,
    "posture_crouch_multiplier": 1.6168401422072383,
    "posture_prone_multiplier": 2.150144507456782,
    "jump_height_guess": 0.3078477162730962,
    "jump_horizontal_speed_guess": 0.6179436854122888,
    "swimming_base_power": 23.994374623947166,
    "swimming_encumbrance_threshold": 29.029796490563488,
    "swimming_static_drain_multiplier": 2.6277431275090164,
    "swimming_dynamic_power_efficiency": 1.704352480528395,
    "swimming_energy_to_stamina_coeff": 4.8160946618690674e-05,
    "env_heat_stress_max_multiplier": 1.5122498180654809,
    "env_rain_weight_max": 8.447405934126914,
    "env_wind_resistance_coeff": 0.05055398974080866,
    "env_mud_penalty_max": 0.4183863768445206,
    "env_temperature_heat_penalty_coeff": 0.015961996938022967,
    "env_temperature_cold_recovery_penalty_coeff": 0.04955327284509814,
    "load_metabolic_dampening": 0.8472221513386948,
    "max_recovery_per_tick": 0.00023537845877563514,
    "slope_uphill_coeff": 0.08,
    "slope_downhill_coeff": 0.03
  }
}