{
  "version": "3.0.0",
  "description": "RSS 增强型优化配置（NSGA-II）- EliteStandard",
  "optimization_method": "NSGA-II (Super Pipeline)",
  "objectives": {
    "playability_burden": 6.073759375573427,
    "stability_risk": 182.79722132678683
  },
  "parameters": {
    "energy_to_stamina_coeff": 6.220985363830811e-07,
    "base_recovery_rate": 0.00010028898570451402,
    "prone_recovery_multiplier": 2.6754507853825746,
    "standing_recovery_multiplier": 1.4625297604795708,
    "load_recovery_penalty_coeff": 2.9288721145473928e-05,
    "load_recovery_penalty_exponent": 1.3386719248874972,
    "encumbrance_speed_penalty_coeff": 0.14238734111899484,
    "encumbrance_speed_penalty_max": 0.6479451822943214,
    "encumbrance_stamina_drain_coeff": 1.0770194131819268,
    "fatigue_accumulation_coeff": 0.005492635029277047,
    "fatigue_max_factor": 1.9444953766377848,
    "recovery_nonlinear_coeff": 0.18242119274494167,
    "slow_recovery_multiplier": 0.6402076181681543,
    "medium_recovery_multiplier": 1.02932542401349,
    "fast_recovery_multiplier": 2.6410805094690897,
    "marginal_decay_threshold": 0.7442005784649295,
    "marginal_decay_coeff": 1.1238731105462403,
    "min_recovery_stamina_threshold": 0.15275682408358457,
    "min_recovery_rest_time_seconds": 16.09492607663851,
    "sprint_speed_boost": 0.291864179244404,
    "posture_crouch_multiplier": 1.5004959322348135,
    "posture_prone_multiplier": 2.6953600704518457,
    "jump_height_guess": 0.7700694514698473,
    "jump_horizontal_speed_guess": 0.1484142330757851,
    "swimming_base_power": 21.640723676838554,
    "swimming_encumbrance_threshold": 26.116473327375985,
    "swimming_static_drain_multiplier": 2.9733566870432036,
    "swimming_dynamic_power_efficiency": 1.919258098425614,
    "swimming_energy_to_stamina_coeff": 5.77413952583147e-05,
    "env_heat_stress_max_multiplier": 1.2980592079589806,
    "env_rain_weight_max": 7.593240228053533,
    "env_wind_resistance_coeff": 0.04316461651579309,
    "env_mud_penalty_max": 0.4542402058073267,
    "env_temperature_heat_penalty_coeff": 0.024164653062325396,
    "env_temperature_cold_recovery_penalty_coeff": 0.05699563397480461,
    "load_metabolic_dampening": 0.779196375604919,
    "max_recovery_per_tick": 0.0005947159782280332,
    "slope_uphill_coeff": 0.08,
    "slope_downhill_coeff": 0.03
  }
}