{
  "version": "3.0.0",
  "description": "RSS 增强型优化配置（NSGA-II）- EliteStandard",
  "optimization_method": "NSGA-II (Super Pipeline)",
  "objectives": {
    "playability_burden": 27.5,
    "stability_risk": 178.34832778524472
  },
  "parameters": {
    "energy_to_stamina_coeff": 8.643552656801269e-07,
    "base_recovery_rate": 0.00016234616393570565,
    "prone_recovery_multiplier": 3.3989908634783235,
    "standing_recovery_multiplier": 1.7983668851471908,
    "load_recovery_penalty_coeff": 1.029827680626232e-05,
    "load_recovery_penalty_exponent": 1.5990126371146123,
    "encumbrance_speed_penalty_coeff": 0.20275211842288976,
    "encumbrance_speed_penalty_exponent": 1.234924145592768,
    "encumbrance_speed_penalty_max": 0.7792604260785807,
    "encumbrance_stamina_drain_coeff": 1.290612394070082,
    "fatigue_accumulation_coeff": 0.007234073162377945,
    "fatigue_max_factor": 2.104130428121163,
    "recovery_nonlinear_coeff": 0.1455761721789501,
    "slow_recovery_multiplier": 0.7086221445767917,
    "medium_recovery_multiplier": 1.140654069060721,
    "fast_recovery_multiplier": 2.1936592991633046,
    "marginal_decay_threshold": 0.7242162596482925,
    "marginal_decay_coeff": 1.136465911388989,
    "min_recovery_stamina_threshold": 0.19934442792827387,
    "min_recovery_rest_time_seconds": 16.442937555728005,
    "sprint_speed_boost": 0.31986028781663983,
    "posture_crouch_multiplier": 1.6104931145413417,
    "posture_prone_multiplier": 2.627300856244837,
    "jump_height_guess": 0.82159292394888,
    "jump_horizontal_speed_guess": 0.1905843980365115,
    "jump_efficiency": 0.22,
    "climb_iso_efficiency": 0.12,
    "slope_uphill_coeff": 0.06415495161115242,
    "slope_downhill_coeff": 0.03420290075193007,
    "swimming_base_power": 17.088370204519837,
    "swimming_encumbrance_threshold": 23.067727513528325,
    "swimming_static_drain_multiplier": 2.9752274670017402,
    "swimming_dynamic_power_efficiency": 1.9493513167295462,
    "swimming_energy_to_stamina_coeff": 5.417158250129998e-05,
    "env_heat_stress_max_multiplier": 1.4493727173773445,
    "env_rain_weight_max": 4.5,
    "env_wind_resistance_coeff": 0.058562173226218296,
    "env_mud_penalty_max": 0.3585225454846931,
    "env_temperature_heat_penalty_coeff": 0.018223333118004736,
    "env_temperature_cold_recovery_penalty_coeff": 0.04875995495791108
  }
}