{
  "energy_to_stamina_coeff": 1.3294232178714192e-07,
  "base_recovery_rate": 9.673426861659134e-05,
  "standing_recovery_multiplier": 0.8048712665073197,
  "crouching_recovery_multiplier": 1.5171180640244712,
  "prone_recovery_multiplier": 1.8507768422258624,
  "fast_recovery_multiplier": 1.659882065548258,
  "medium_recovery_multiplier": 0.983665944491772,
  "slow_recovery_multiplier": 0.4342226203831065,
  "encumbrance_speed_penalty_coeff": 0.29667117656843606,
  "encumbrance_stamina_drain_coeff": 2.6337705293784177,
  "load_recovery_penalty_coeff": 0.00015577047287805432,
  "posture_crouch_multiplier": 3.1756975292501584,
  "posture_prone_multiplier": 3.298205758676998,
  "sprint_speed_boost": 0.20640491243101777,
  "recovery_nonlinear_coeff": 0.4423267275829102,
  "max_recovery_per_tick": 0.00025447628509108096,
  "willpower_threshold": 0.36877348590982045,
  "sprint_enable_threshold": 0.26651376332005244,
  "_metrics": {
    "combat_ease": 0.6919739236783362,
    "recovery_ease": 0.001250985536549012,
    "parameter_realism": 2.0833163966190233
  },
  "_philosophy": "战斗/恢复折中 → 拟真与可玩性平衡",
  "v5_sprint_speed_ms": 4.5
}
