{
  "energy_to_stamina_coeff": 1.3895035805315387e-07,
  "base_recovery_rate": 0.00010112664081545137,
  "standing_recovery_multiplier": 0.8742004941870383,
  "crouching_recovery_multiplier": 1.3943393354080702,
  "prone_recovery_multiplier": 1.8420377889994266,
  "fast_recovery_multiplier": 1.4082111747733346,
  "medium_recovery_multiplier": 1.1139404420014114,
  "slow_recovery_multiplier": 0.4402796465197669,
  "encumbrance_speed_penalty_coeff": 0.18490208757712012,
  "encumbrance_stamina_drain_coeff": 2.5977228091871685,
  "load_recovery_penalty_coeff": 0.00018907689995731631,
  "posture_crouch_multiplier": 3.1379467793680664,
  "posture_prone_multiplier": 3.327343373425811,
  "sprint_speed_boost": 0.18142802688942816,
  "recovery_nonlinear_coeff": 0.515518468862333,
  "max_recovery_per_tick": 0.0003288984055571844,
  "willpower_threshold": 0.34642007878577946,
  "sprint_enable_threshold": 0.24514152810811823,
  "_metrics": {
    "combat_ease": 0.6979325533906905,
    "recovery_ease": 0.0015479678229184544,
    "parameter_realism": 1.55579898519666
  },
  "_philosophy": "高 combat_ease + 高 recovery_ease → 战斗最宽容"
}