{
  "version": "3.0.0",
  "description": "RSS 增强型优化配置（NSGA-II）- StandardMilsim",
  "optimization_method": "NSGA-II (Super Pipeline)",
  "objectives": {
    "playability_burden": 29.43,
    "stability_risk": 90.86197019370542
  },
  "parameters": {
    "energy_to_stamina_coeff": 2.5145155601007e-05,
    "base_recovery_rate": 0.0004968909916035266,
    "prone_recovery_multiplier": 1.8849821996310498,
    "standing_recovery_multiplier": 1.9667061400184607,
    "load_recovery_penalty_coeff": 0.0001272383404804136,
    "load_recovery_penalty_exponent": 1.2079127603764994,
    "encumbrance_speed_penalty_coeff": 0.1623359099044948,
    "encumbrance_stamina_drain_coeff": 0.8776262375106189,
    "sprint_stamina_drain_multiplier": 2.5271560292428337,
    "fatigue_accumulation_coeff": 0.015262612547841036,
    "fatigue_max_factor": 1.7262290453690514,
    "aerobic_efficiency_factor": 0.8339762012101472,
    "anaerobic_efficiency_factor": 1.0848929906616371,
    "recovery_nonlinear_coeff": 0.6673744141213667,
    "fast_recovery_multiplier": 3.4921485704914144,
    "medium_recovery_multiplier": 1.7968173896555744,
    "slow_recovery_multiplier": 0.938511866313589,
    "marginal_decay_threshold": 0.7351667400528059,
    "marginal_decay_coeff": 1.1019405505996493,
    "min_recovery_stamina_threshold": 0.21026022080217824,
    "min_recovery_rest_time_seconds": 2.70097531755906,
    "sprint_speed_boost": 0.32200165481296666,
    "posture_crouch_multiplier": 0.6658200356165922,
    "posture_prone_multiplier": 0.43401254810855655,
    "jump_stamina_base_cost": 0.032606771465515015,
    "vault_stamina_start_cost": 0.020762855192405547,
    "climb_stamina_tick_cost": 0.010854929023803531,
    "jump_consecutive_penalty": 0.5594198361978392,
    "slope_uphill_coeff": 0.08693058457318562,
    "slope_downhill_coeff": 0.02063583466063558,
    "swimming_base_power": 18.979398857971347,
    "swimming_encumbrance_threshold": 26.106290401586225,
    "swimming_static_drain_multiplier": 3.3770062650056687,
    "swimming_dynamic_power_efficiency": 1.7146541030993725,
    "swimming_energy_to_stamina_coeff": 4.64509300277356e-05,
    "env_heat_stress_max_multiplier": 1.4555402842734708,
    "env_rain_weight_max": 9.22614095762141,
    "env_wind_resistance_coeff": 0.042487042853624334,
    "env_mud_penalty_max": 0.41759684090405935,
    "env_temperature_heat_penalty_coeff": 0.015908578683045262,
    "env_temperature_cold_recovery_penalty_coeff": 0.05130021498622862
  }
}