{
  "energy_to_stamina_coeff": 7.461724105130753e-07,
  "base_recovery_rate": 9.974887352419638e-05,
  "standing_recovery_multiplier": 0.7477714177187113,
  "crouching_recovery_multiplier": 1.2829357879972036,
  "prone_recovery_multiplier": 2.069412916999852,
  "fast_recovery_multiplier": 1.7257379299634281,
  "medium_recovery_multiplier": 1.015601065385726,
  "slow_recovery_multiplier": 0.2679896019675957,
  "encumbrance_speed_penalty_coeff": 0.4075031012406342,
  "encumbrance_stamina_drain_coeff": 2.128754759548274,
  "load_recovery_penalty_coeff": 0.0002984948437092517,
  "posture_crouch_multiplier": 3.0786573822665027,
  "posture_prone_multiplier": 3.804169830635111,
  "sprint_speed_boost": 0.18880118269419743,
  "recovery_nonlinear_coeff": 0.3055620883841434,
  "max_recovery_per_tick": 0.0002043911453476483,
  "willpower_threshold": 0.3190660935133356,
  "sprint_enable_threshold": 0.25154860353253455,
  "_metrics": {
    "combat_ease": 0.0,
    "recovery_ease": 0.0009989617228866334,
    "parameter_realism": 5.356525694496941
  },
  "_philosophy": "三目标折中 → 拟真与可玩性平衡"
}