{
  "version": "2.18.0",
  "description": "RSS 多目标优化配置（Optuna 贝叶斯优化）",
  "optimization_method": "Optuna (TPE)",
  "parameters": {
    "energy_to_stamina_coeff": 2.9379321209106898e-05,
    "base_recovery_rate": 0.0004989573975691397,
    "standing_recovery_multiplier": 1.198713136314583,
    "prone_recovery_multiplier": 2.3437133097557274,
    "load_recovery_penalty_coeff": 0.00014372530453699413,
    "load_recovery_penalty_exponent": 1.2474829135342178,
    "encumbrance_speed_penalty_coeff": 0.12130747497376249,
    "encumbrance_stamina_drain_coeff": 1.6647448635500588,
    "sprint_stamina_drain_multiplier": 2.14022082407871,
    "fatigue_accumulation_coeff": 0.02346308116010494,
    "fatigue_max_factor": 2.428654444454574,
    "aerobic_efficiency_factor": 0.919694358457581,
    "anaerobic_efficiency_factor": 1.1483100782025497
  }
}