{
  "version": "3.0.0",
  "description": "RSS 增强型优化配置（NSGA-II）- EliteStandard",
  "optimization_method": "NSGA-II (Super Pipeline)",
  "objectives": {
    "playability_burden": 216.87174014157986,
    "stability_risk": 203.71185625475368
  },
  "parameters": {
    "energy_to_stamina_coeff": 6.684070328763793e-07,
    "base_recovery_rate": 0.00038360202103360095,
    "prone_recovery_multiplier": 3.2952974507206623,
    "standing_recovery_multiplier": 1.420137453587221,
    "load_recovery_penalty_coeff": 2.1524245152256242e-05,
    "load_recovery_penalty_exponent": 1.8652295958604461,
    "encumbrance_speed_penalty_coeff": 0.15402713270272494,
    "encumbrance_speed_penalty_max": 0.5543056483458749,
    "encumbrance_stamina_drain_coeff": 0.819961507574174,
    "fatigue_accumulation_coeff": 0.005615296613635597,
    "fatigue_max_factor": 2.3800751178618507,
    "recovery_nonlinear_coeff": 0.17431516387980697,
    "slow_recovery_multiplier": 0.5448253330733812,
    "medium_recovery_multiplier": 1.737934662449431,
    "fast_recovery_multiplier": 3.8138882560295464,
    "marginal_decay_threshold": 0.8685545518850943,
    "marginal_decay_coeff": 1.0605735136506107,
    "min_recovery_stamina_threshold": 0.16981448810968178,
    "min_recovery_rest_time_seconds": 21.659228597173012,
    "sprint_speed_boost": 0.33047613260884545,
    "posture_crouch_multiplier": 1.9029780639140201,
    "posture_prone_multiplier": 2.7917965399263376,
    "jump_height_guess": 0.9051021243089914,
    "jump_horizontal_speed_guess": 0.7806948762746404,
    "swimming_base_power": 18.107681847972575,
    "swimming_encumbrance_threshold": 25.69676586574701,
    "swimming_static_drain_multiplier": 3.1385865502344523,
    "swimming_dynamic_power_efficiency": 1.835312141259621,
    "swimming_energy_to_stamina_coeff": 5.5418740749693576e-05,
    "env_heat_stress_max_multiplier": 1.2371015170631547,
    "env_rain_weight_max": 9.11757140272684,
    "env_wind_resistance_coeff": 0.03127994074727794,
    "env_mud_penalty_max": 0.39959321214429805,
    "env_temperature_heat_penalty_coeff": 0.023614364634832664,
    "env_temperature_cold_recovery_penalty_coeff": 0.04172990548042795,
    "load_metabolic_dampening": 0.6812086277729594,
    "max_recovery_per_tick": 0.0002637565755845265,
    "slope_uphill_coeff": 0.08,
    "slope_downhill_coeff": 0.03,
    "encumbrance_speed_penalty_exponent": 1.5
  }
}