{
  "energy_to_stamina_coeff": 6.370386685447592e-08,
  "base_recovery_rate": 0.00010354325422311898,
  "standing_recovery_multiplier": 0.8520908792284029,
  "crouching_recovery_multiplier": 1.67834647715946,
  "prone_recovery_multiplier": 1.995156014835865,
  "fast_recovery_multiplier": 1.7122562238184726,
  "medium_recovery_multiplier": 0.9847520187411912,
  "slow_recovery_multiplier": 0.36268604637131546,
  "encumbrance_speed_penalty_coeff": 0.2851582445293833,
  "encumbrance_stamina_drain_coeff": 2.48803027420226,
  "load_recovery_penalty_coeff": 0.00011838447040804292,
  "posture_crouch_multiplier": 2.912595745442086,
  "posture_prone_multiplier": 3.6539227922685806,
  "sprint_speed_boost": 0.23402862053533913,
  "recovery_nonlinear_coeff": 0.47956905120736754,
  "max_recovery_per_tick": 0.00041931163925267977,
  "willpower_threshold": 0.36511374053074747,
  "sprint_enable_threshold": 0.2267001603685779,
  "critical_power_watts": 820.0,
  "w_prime_max_joules": 18939.593056719677,
  "w_prime_recovery_w_per_s": 12.744128623285208,
  "sprint_power_cap_watts": 2600.0,
  "v5_walk_speed_ms": 1.4,
  "v5_run_speed_ms": 2.8,
  "v5_sprint_speed_ms": 4.5,
  "_metrics_v6": {
    "sustain_ease": 0.30781651099210533,
    "mobility_ease": 0.0045709668547187715,
    "combat_ease": 0.6923404714376247,
    "recovery_ease": 0.001759143934008914,
    "param_drift": 1.8906526634412473
  },
  "_philosophy": "\u9ad8 combat_ease + \u9ad8 recovery_ease \u2192 \u6218\u6597\u6700\u5bbd\u5bb9"
}
