{
  "version": "3.0.0",
  "description": "RSS 增强型优化配置（NSGA-II）- StandardMilsim",
  "optimization_method": "NSGA-II (Super Pipeline)",
  "objectives": {
    "playability_burden": 8.16937000996518,
    "stability_risk": 1275.770270873841
  },
  "parameters": {
    "energy_to_stamina_coeff": 8.929354328136695e-07,
    "base_recovery_rate": 0.0006782907917906689,
    "prone_recovery_multiplier": 2.536730926670641,
    "standing_recovery_multiplier": 1.3364492259358276,
    "load_recovery_penalty_coeff": 4.9181662673447e-05,
    "load_recovery_penalty_exponent": 1.2531989070128102,
    "encumbrance_speed_penalty_coeff": 0.1964432142252763,
    "encumbrance_speed_penalty_exponent": 2.635644147132381,
    "encumbrance_speed_penalty_max": 0.938421045720064,
    "encumbrance_stamina_drain_coeff": 1.4022434372294046,
    "fatigue_accumulation_coeff": 0.01129783607707972,
    "fatigue_max_factor": 2.630213408169721,
    "recovery_nonlinear_coeff": 0.17948239380515596,
    "slow_recovery_multiplier": 0.6640746541379373,
    "medium_recovery_multiplier": 1.4781847401504784,
    "fast_recovery_multiplier": 1.757661256777193,
    "marginal_decay_threshold": 0.7835968171013827,
    "marginal_decay_coeff": 1.13532847985672,
    "min_recovery_stamina_threshold": 0.23561536219946602,
    "min_recovery_rest_time_seconds": 6.9847532983936205,
    "sprint_speed_boost": 0.2863504617923482,
    "posture_crouch_multiplier": 1.4626954770019354,
    "posture_prone_multiplier": 3.787102306341789,
    "jump_height_guess": 0.39023180955144926,
    "jump_horizontal_speed_guess": 1.0799952039411693,
    "jump_efficiency": 0.22,
    "climb_iso_efficiency": 0.12,
    "slope_uphill_coeff": 0.06404662478452412,
    "slope_downhill_coeff": 0.03246275707495651,
    "swimming_base_power": 18.56067299119145,
    "swimming_encumbrance_threshold": 27.889139629658672,
    "swimming_static_drain_multiplier": 2.7336904488253637,
    "swimming_dynamic_power_efficiency": 2.1392018293899597,
    "swimming_energy_to_stamina_coeff": 4.47136506915177e-05,
    "env_heat_stress_max_multiplier": 1.4854641132448616,
    "env_rain_weight_max": 9.494712138242996,
    "env_wind_resistance_coeff": 0.0350720719650704,
    "env_mud_penalty_max": 0.4733191377191007,
    "env_temperature_heat_penalty_coeff": 0.02093575254414298,
    "env_temperature_cold_recovery_penalty_coeff": 0.04254220981734048
  }
}