{
  "version": "3.0.0",
  "description": "RSS 增强型优化配置（NSGA-II）- EliteStandard",
  "optimization_method": "NSGA-II (Super Pipeline)",
  "objectives": {
    "playability_burden": 29.0,
    "stability_risk": 1.8659824448455584
  },
  "parameters": {
    "energy_to_stamina_coeff": 9.289086088275327e-07,
    "base_recovery_rate": 8.034633980363446e-05,
    "prone_recovery_multiplier": 2.3453214100751687,
    "standing_recovery_multiplier": 1.466113882033142,
    "load_recovery_penalty_coeff": 1.2891180850248474e-05,
    "load_recovery_penalty_exponent": 1.6028447467863507,
    "encumbrance_speed_penalty_coeff": 0.21997661729605616,
    "encumbrance_speed_penalty_exponent": 1.9859848582090636,
    "encumbrance_speed_penalty_max": 0.5146719612248433,
    "encumbrance_stamina_drain_coeff": 0.9954158903349137,
    "sprint_stamina_drain_multiplier": 2.5423497474764143,
    "fatigue_accumulation_coeff": 0.013608627745711917,
    "fatigue_max_factor": 2.3168581372332513,
    "aerobic_efficiency_factor": 0.8910467853560619,
    "anaerobic_efficiency_factor": 1.3781317625810268,
    "recovery_nonlinear_coeff": 0.29822140832593613,
    "slow_recovery_multiplier": 0.5777294616146333,
    "medium_recovery_multiplier": 0.9360249410074342,
    "fast_recovery_multiplier": 1.297141501704177,
    "marginal_decay_threshold": 0.7748528935701469,
    "marginal_decay_coeff": 1.1260801671756102,
    "min_recovery_stamina_threshold": 0.195272542662994,
    "min_recovery_rest_time_seconds": 4.173379311443904,
    "sprint_speed_boost": 0.33383162671478533,
    "posture_crouch_multiplier": 1.8677560251985357,
    "posture_prone_multiplier": 3.7531231887024847,
    "jump_stamina_base_cost": 0.0437843698975537,
    "vault_stamina_start_cost": 0.02079983320452084,
    "climb_stamina_tick_cost": 0.008949875628890984,
    "jump_consecutive_penalty": 0.479725792328815,
    "slope_uphill_coeff": 0.09033222854053173,
    "slope_downhill_coeff": 0.033017669702477395,
    "swimming_base_power": 16.777983385652487,
    "swimming_encumbrance_threshold": 20.512395411464247,
    "swimming_static_drain_multiplier": 3.182961593542065,
    "swimming_dynamic_power_efficiency": 1.7510790240293455,
    "swimming_energy_to_stamina_coeff": 4.999340487458107e-05,
    "env_heat_stress_max_multiplier": 1.4986987090050379,
    "env_rain_weight_max": 8.250667122625332,
    "env_wind_resistance_coeff": 0.033332103324471854,
    "env_mud_penalty_max": 0.3371160473567111,
    "env_temperature_heat_penalty_coeff": 0.01719328184030919,
    "env_temperature_cold_recovery_penalty_coeff": 0.045157285072896895
  }
}