{
  "version": "3.0.0",
  "description": "RSS 增强型优化配置（NSGA-II）- TacticalAction",
  "optimization_method": "NSGA-II (Super Pipeline)",
  "objectives": {
    "playability_burden": 140.0,
    "stability_risk": 618.0769812286999
  },
  "parameters": {
    "energy_to_stamina_coeff": 3.0184085862992573e-05,
    "base_recovery_rate": 0.00020462156607852023,
    "prone_recovery_multiplier": 2.5417525789381243,
    "standing_recovery_multiplier": 1.5420194701139243,
    "load_recovery_penalty_coeff": 0.0009511948407087463,
    "load_recovery_penalty_exponent": 2.7482075921324216,
    "encumbrance_speed_penalty_coeff": 0.17181415580863024,
    "encumbrance_stamina_drain_coeff": 0.8545838497667295,
    "sprint_stamina_drain_multiplier": 2.638250520046008,
    "fatigue_accumulation_coeff": 0.02558869408488628,
    "fatigue_max_factor": 2.730941090128555,
    "aerobic_efficiency_factor": 0.90175148995636,
    "anaerobic_efficiency_factor": 1.5990618104855296,
    "recovery_nonlinear_coeff": 0.4034336886211095,
    "fast_recovery_multiplier": 2.179363930246696,
    "medium_recovery_multiplier": 1.4540174381678608,
    "slow_recovery_multiplier": 0.5707061342992128,
    "marginal_decay_threshold": 0.8816517109354132,
    "marginal_decay_coeff": 1.0809481579194866,
    "min_recovery_stamina_threshold": 0.24764132223840563,
    "min_recovery_rest_time_seconds": 2.1250400815218984,
    "sprint_speed_boost": 0.3453435824757835,
    "posture_crouch_multiplier": 0.5267723254463375,
    "posture_prone_multiplier": 0.6255632070018879,
    "jump_stamina_base_cost": 0.035642222676740075,
    "vault_stamina_start_cost": 0.019778770771227305,
    "climb_stamina_tick_cost": 0.00889397725702336,
    "jump_consecutive_penalty": 0.5411191579552984,
    "slope_uphill_coeff": 0.06763237965785228,
    "slope_downhill_coeff": 0.031056835919695366,
    "swimming_base_power": 17.532453630402507,
    "swimming_encumbrance_threshold": 29.556213797813562,
    "swimming_static_drain_multiplier": 2.5286311938356527,
    "swimming_dynamic_power_efficiency": 1.6997282801112366,
    "swimming_energy_to_stamina_coeff": 4.484621212774896e-05,
    "env_heat_stress_max_multiplier": 1.3656271303071266,
    "env_rain_weight_max": 6.930920967480214,
    "env_wind_resistance_coeff": 0.04965396361075142,
    "env_mud_penalty_max": 0.4744931046517078,
    "env_temperature_heat_penalty_coeff": 0.02212063421409171,
    "env_temperature_cold_recovery_penalty_coeff": 0.051599239610702216
  }
}