{
  "version": "3.0.0",
  "description": "RSS 增强型优化配置（NSGA-II）- EliteStandard",
  "optimization_method": "NSGA-II (Super Pipeline)",
  "objectives": {
    "playability_burden": 29.0,
    "stability_risk": 1.8238124393981967
  },
  "parameters": {
    "energy_to_stamina_coeff": 9.892316279397293e-07,
    "base_recovery_rate": 9.551218057795156e-05,
    "prone_recovery_multiplier": 2.7571029226866965,
    "standing_recovery_multiplier": 1.324630367355366,
    "load_recovery_penalty_coeff": 7.242247497806148e-06,
    "load_recovery_penalty_exponent": 1.0700352253311651,
    "encumbrance_speed_penalty_coeff": 0.20177135965613457,
    "encumbrance_stamina_drain_coeff": 1.1698832611159302,
    "sprint_stamina_drain_multiplier": 2.180850328665918,
    "fatigue_accumulation_coeff": 0.005206331000305838,
    "fatigue_max_factor": 2.6963483288017827,
    "aerobic_efficiency_factor": 0.9179749927536133,
    "anaerobic_efficiency_factor": 1.2101160543067218,
    "recovery_nonlinear_coeff": 0.2710289570890587,
    "fast_recovery_multiplier": 1.0891713423125853,
    "medium_recovery_multiplier": 0.9987164627219005,
    "slow_recovery_multiplier": 0.6107408581427614,
    "marginal_decay_threshold": 0.7721989517584934,
    "marginal_decay_coeff": 1.1005809222592329,
    "min_recovery_stamina_threshold": 0.23440409134460755,
    "min_recovery_rest_time_seconds": 3.9144606271711075,
    "sprint_speed_boost": 0.33016703077980564,
    "posture_crouch_multiplier": 1.224400781556538,
    "posture_prone_multiplier": 2.470775239292964,
    "jump_stamina_base_cost": 0.037491150050241825,
    "vault_stamina_start_cost": 0.02482739540910386,
    "climb_stamina_tick_cost": 0.008472650554135798,
    "jump_consecutive_penalty": 0.4186489838442717,
    "slope_uphill_coeff": 0.06452050501387914,
    "slope_downhill_coeff": 0.0251007133927292,
    "swimming_base_power": 24.45079197807832,
    "swimming_encumbrance_threshold": 21.77870633534228,
    "swimming_static_drain_multiplier": 2.673061949200705,
    "swimming_dynamic_power_efficiency": 1.8562029305097099,
    "swimming_energy_to_stamina_coeff": 4.570390852568841e-05,
    "env_heat_stress_max_multiplier": 1.4465582099107437,
    "env_rain_weight_max": 8.254419690216647,
    "env_wind_resistance_coeff": 0.06750949879581689,
    "env_mud_penalty_max": 0.4197980181262053,
    "env_temperature_heat_penalty_coeff": 0.016760281527877268,
    "env_temperature_cold_recovery_penalty_coeff": 0.055582745135951996
  }
}