{
  "version": "3.0.0",
  "description": "RSS 多目标优化配置（Optuna 贝叶斯优化）",
  "optimization_method": "Optuna (TPE)",
  "parameters": {
    "energy_to_stamina_coeff": 4.9850277710833325e-05,
    "base_recovery_rate": 0.0002925079901222514,
    "standing_recovery_multiplier": 2.4003627380975368,
    "prone_recovery_multiplier": 1.385188211835508,
    "load_recovery_penalty_coeff": 0.00011985902628884873,
    "load_recovery_penalty_exponent": 1.6398617576329588,
    "encumbrance_speed_penalty_coeff": 0.10000017802659465,
    "encumbrance_stamina_drain_coeff": 1.0405711368141974,
    "sprint_stamina_drain_multiplier": 3.092327858311414,
    "fatigue_accumulation_coeff": 0.005368737483594784,
    "fatigue_max_factor": 1.6313595753231653,
    "aerobic_efficiency_factor": 0.8439464623578117,
    "anaerobic_efficiency_factor": 1.1281228142849777,
    "recovery_nonlinear_coeff": 0.5455653590824032,
    "fast_recovery_multiplier": 3.057595981202887,
    "medium_recovery_multiplier": 1.804266020725771,
    "slow_recovery_multiplier": 0.5388056592385738,
    "marginal_decay_threshold": 0.7126580525206992,
    "marginal_decay_coeff": 1.068100247128096,
    "min_recovery_stamina_threshold": 0.16362887452880537,
    "min_recovery_rest_time_seconds": 4.915402364332644,
    "sprint_speed_boost": 0.3044707788991761,
    "posture_crouch_multiplier": 1.8819097369302404,
    "posture_prone_multiplier": 3.06424574340122,
    "jump_stamina_base_cost": 0.038861838492305664,
    "vault_stamina_start_cost": 0.019405282869487006,
    "climb_stamina_tick_cost": 0.008197351129437699,
    "jump_consecutive_penalty": 0.5957401934359429,
    "slope_uphill_coeff": 0.07291766605500813,
    "slope_downhill_coeff": 0.031025412726436833,
    "swimming_base_power": 20.772110864690507,
    "swimming_encumbrance_threshold": 20.2864662375281,
    "swimming_static_drain_multiplier": 2.833323751215311,
    "swimming_dynamic_power_efficiency": 2.4573116545306966,
    "swimming_energy_to_stamina_coeff": 5.919871969429423e-05,
    "env_heat_stress_max_multiplier": 1.2649410265489314,
    "env_rain_weight_max": 7.748856431313999,
    "env_wind_resistance_coeff": 0.06467980412215958,
    "env_mud_penalty_max": 0.3643878907644519,
    "env_temperature_heat_penalty_coeff": 0.015740445737969833,
    "env_temperature_cold_recovery_penalty_coeff": 0.05446108722330669
  }
}