{
  "energy_to_stamina_coeff": 1.0512253782247613e-07,
  "base_recovery_rate": 8.342208995184712e-05,
  "standing_recovery_multiplier": 0.7226743765084626,
  "crouching_recovery_multiplier": 1.5085910167197074,
  "prone_recovery_multiplier": 2.1701734560736248,
  "fast_recovery_multiplier": 1.5037991425128798,
  "medium_recovery_multiplier": 0.8572201211606953,
  "slow_recovery_multiplier": 0.287916199707553,
  "encumbrance_speed_penalty_coeff": 0.3252874963213357,
  "encumbrance_stamina_drain_coeff": 2.7104692530845558,
  "load_recovery_penalty_coeff": 0.00010497107079037845,
  "posture_crouch_multiplier": 3.4728305076729886,
  "posture_prone_multiplier": 3.3851541168631947,
  "sprint_speed_boost": 0.21503681308455513,
  "recovery_nonlinear_coeff": 0.3161788019577119,
  "max_recovery_per_tick": 0.00041251948834924903,
  "willpower_threshold": 0.326267900329946,
  "sprint_enable_threshold": 0.2612719044457492,
  "critical_power_watts": 393.89572712038523,
  "w_prime_max_joules": 17990.579564370368,
  "w_prime_recovery_w_per_s": 13.631201163332449,
  "sprint_power_cap_watts": 1350.284589376701,
  "v5_walk_speed_ms": 1.4,
  "v5_run_speed_ms": 2.8,
  "v5_sprint_speed_ms": 4.0,
  "_metrics_v6": {
    "sustain_ease": 0.3113886811277108,
    "mobility_ease": 9.626194928306983e-05,
    "combat_ease": 0.6946783742965427,
    "recovery_ease": 0.001726917177607722,
    "param_drift": 2.689193409966851
  },
  "_philosophy": "高 combat_ease + 高 recovery_ease → 战斗最宽容"
}