{
  "version": "3.0.0",
  "description": "RSS 增强型优化配置（NSGA-II）- EliteStandard",
  "optimization_method": "NSGA-II (Super Pipeline)",
  "objectives": {
    "playability_burden": 140.0,
    "stability_risk": 530.3617845826896
  },
  "parameters": {
    "energy_to_stamina_coeff": 3.077734944048538e-05,
    "base_recovery_rate": 0.00021071105514466467,
    "prone_recovery_multiplier": 2.772388525606347,
    "standing_recovery_multiplier": 1.687199268508628,
    "load_recovery_penalty_coeff": 0.000156288786917536,
    "load_recovery_penalty_exponent": 1.323344671107423,
    "encumbrance_speed_penalty_coeff": 0.15249126059697807,
    "encumbrance_stamina_drain_coeff": 1.511527921810044,
    "sprint_stamina_drain_multiplier": 4.053350190477902,
    "fatigue_accumulation_coeff": 0.005890614488559683,
    "fatigue_max_factor": 1.9928882445420824,
    "aerobic_efficiency_factor": 0.9251520072400801,
    "anaerobic_efficiency_factor": 1.1985575727503393,
    "recovery_nonlinear_coeff": 0.6554992319475909,
    "fast_recovery_multiplier": 1.9490809554428894,
    "medium_recovery_multiplier": 1.3949560008514226,
    "slow_recovery_multiplier": 0.7428548224174635,
    "marginal_decay_threshold": 0.7580963211217887,
    "marginal_decay_coeff": 1.1435076615980468,
    "min_recovery_stamina_threshold": 0.17910033634002814,
    "min_recovery_rest_time_seconds": 3.0824898606858073,
    "sprint_speed_boost": 0.25421504169629344,
    "posture_crouch_multiplier": 0.6298768918801632,
    "posture_prone_multiplier": 0.6807259401461774,
    "jump_stamina_base_cost": 0.032826656729323854,
    "vault_stamina_start_cost": 0.01581046215907648,
    "climb_stamina_tick_cost": 0.011839712482334007,
    "jump_consecutive_penalty": 0.4670098341876965,
    "slope_uphill_coeff": 0.09114183285690756,
    "slope_downhill_coeff": 0.03702413828097537,
    "swimming_base_power": 23.5541615463118,
    "swimming_encumbrance_threshold": 24.35606497480966,
    "swimming_static_drain_multiplier": 3.0924077846595175,
    "swimming_dynamic_power_efficiency": 1.8781718144529314,
    "swimming_energy_to_stamina_coeff": 5.495491641865256e-05,
    "env_heat_stress_max_multiplier": 1.5651583921224936,
    "env_rain_weight_max": 9.019726932288954,
    "env_wind_resistance_coeff": 0.03908505462367463,
    "env_mud_penalty_max": 0.4776615494875411,
    "env_temperature_heat_penalty_coeff": 0.023140682873866808,
    "env_temperature_cold_recovery_penalty_coeff": 0.04775163334873666
  }
}