{
  "energy_to_stamina_coeff": 1.6466023027994395e-07,
  "base_recovery_rate": 9.290605981866986e-05,
  "standing_recovery_multiplier": 0.7338093321447058,
  "crouching_recovery_multiplier": 1.3185395180910626,
  "prone_recovery_multiplier": 1.535263132025486,
  "fast_recovery_multiplier": 1.3309415723630011,
  "medium_recovery_multiplier": 0.9355567461788902,
  "slow_recovery_multiplier": 0.4561375584167652,
  "encumbrance_speed_penalty_coeff": 0.3390674978470697,
  "encumbrance_stamina_drain_coeff": 2.663634001924669,
  "load_recovery_penalty_coeff": 0.00027496353141852076,
  "posture_crouch_multiplier": 3.4652287487490474,
  "posture_prone_multiplier": 4.06499079233396,
  "sprint_speed_boost": 0.19898504346762666,
  "recovery_nonlinear_coeff": 0.31279863259978957,
  "max_recovery_per_tick": 0.00041551216660247757,
  "willpower_threshold": 0.2834714771765226,
  "sprint_enable_threshold": 0.255288662727989,
  "critical_power_watts": 941.7155709077625,
  "w_prime_max_joules": 20421.65248363737,
  "w_prime_recovery_w_per_s": 10.086650147677597,
  "sprint_power_cap_watts": 2832.5017222379406,
  "v5_walk_speed_ms": 1.4,
  "v5_run_speed_ms": 2.8,
  "v5_sprint_speed_ms": 4.5,
  "_metrics_v6": {
    "sustain_ease": 2.0,
    "mobility_ease": 0.00011821408931217112,
    "combat_ease": 0.8559463168962157,
    "recovery_ease": 0.0009292721633093772,
    "param_drift": 2.3448822187495493
  },
  "_philosophy": "低 combat_ease + 低 recovery_ease → 最拟真/最硬核"
}