{
  "version": "3.0.0",
  "description": "RSS 增强型优化配置（NSGA-II）- StandardMilsim",
  "optimization_method": "NSGA-II (Super Pipeline)",
  "objectives": {
    "playability_burden": 8.46871885100165,
    "stability_risk": 142.87582655172625
  },
  "parameters": {
    "energy_to_stamina_coeff": 5.305204475398613e-07,
    "base_recovery_rate": 0.0001877165078042956,
    "prone_recovery_multiplier": 2.145845121821348,
    "standing_recovery_multiplier": 1.7724378556691798,
    "load_recovery_penalty_coeff": 0.0003439109335100982,
    "load_recovery_penalty_exponent": 1.3958368087568958,
    "encumbrance_speed_penalty_coeff": 0.12977665954344414,
    "encumbrance_speed_penalty_max": 0.47367501048215993,
    "encumbrance_stamina_drain_coeff": 0.8001001110052605,
    "fatigue_accumulation_coeff": 0.013429553966065315,
    "fatigue_max_factor": 1.6225721355544573,
    "recovery_nonlinear_coeff": 0.6785493046217375,
    "slow_recovery_multiplier": 0.5392532312300781,
    "medium_recovery_multiplier": 1.5456102528630062,
    "fast_recovery_multiplier": 4.498264540928243,
    "marginal_decay_threshold": 0.7276929192139351,
    "marginal_decay_coeff": 1.0923943084939824,
    "min_recovery_stamina_threshold": 0.22804236689714766,
    "min_recovery_rest_time_seconds": 5.643802996999366,
    "sprint_speed_boost": 0.3282847925798031,
    "posture_crouch_multiplier": 1.5401866689453998,
    "posture_prone_multiplier": 2.1892161138185813,
    "jump_height_guess": 0.41205331374535226,
    "jump_horizontal_speed_guess": 1.3610046474704043,
    "swimming_base_power": 16.80456716781681,
    "swimming_encumbrance_threshold": 20.40434095515157,
    "swimming_static_drain_multiplier": 3.087625678447762,
    "swimming_dynamic_power_efficiency": 1.8461809254097021,
    "swimming_energy_to_stamina_coeff": 4.811412441282733e-05,
    "env_heat_stress_max_multiplier": 1.2476250979450187,
    "env_rain_weight_max": 8.992937965732779,
    "env_wind_resistance_coeff": 0.054062145985740724,
    "env_mud_penalty_max": 0.372843408949656,
    "env_temperature_heat_penalty_coeff": 0.01671574943763136,
    "env_temperature_cold_recovery_penalty_coeff": 0.051869034783411205,
    "load_metabolic_dampening": 0.772509047827582,
    "max_recovery_per_tick": 0.000324958913546878,
    "slope_uphill_coeff": 0.08,
    "slope_downhill_coeff": 0.03
  }
}