{
  "version": "3.0.0",
  "description": "RSS 增强型优化配置（NSGA-II）- StandardMilsim",
  "optimization_method": "NSGA-II (Super Pipeline)",
  "objectives": {
    "playability_burden": 5.246557478058212,
    "stability_risk": 1408.0560401959867
  },
  "parameters": {
    "energy_to_stamina_coeff": 1.2710191914731338e-06,
    "base_recovery_rate": 0.0007070619019535749,
    "prone_recovery_multiplier": 2.206308804565076,
    "standing_recovery_multiplier": 1.8504745890402892,
    "load_recovery_penalty_coeff": 0.0004458109976641274,
    "load_recovery_penalty_exponent": 1.199323858950574,
    "encumbrance_speed_penalty_coeff": 0.10391531134750036,
    "encumbrance_speed_penalty_max": 0.6578267772583912,
    "encumbrance_stamina_drain_coeff": 1.494772272969895,
    "fatigue_accumulation_coeff": 0.00839862853453743,
    "fatigue_max_factor": 2.271310761715929,
    "recovery_nonlinear_coeff": 0.6014838217707016,
    "slow_recovery_multiplier": 0.7215678494347386,
    "medium_recovery_multiplier": 1.1549213525495623,
    "fast_recovery_multiplier": 1.221262020332382,
    "marginal_decay_threshold": 0.7959400325067092,
    "marginal_decay_coeff": 1.135891232609564,
    "min_recovery_stamina_threshold": 0.23958346766901623,
    "min_recovery_rest_time_seconds": 24.124523941523076,
    "sprint_speed_boost": 0.3415694266328947,
    "posture_crouch_multiplier": 1.7900217776490492,
    "posture_prone_multiplier": 2.3556844793888807,
    "jump_height_guess": 0.8423948925738693,
    "jump_horizontal_speed_guess": 1.1097324515483946,
    "swimming_base_power": 20.381434300814544,
    "swimming_encumbrance_threshold": 20.873273725584692,
    "swimming_static_drain_multiplier": 3.4260813467869187,
    "swimming_dynamic_power_efficiency": 1.9556025375016621,
    "swimming_energy_to_stamina_coeff": 4.726667563832529e-05,
    "env_heat_stress_max_multiplier": 1.4518269580675087,
    "env_rain_weight_max": 8.695351844667908,
    "env_wind_resistance_coeff": 0.038427516681212054,
    "env_mud_penalty_max": 0.46738776896199125,
    "env_temperature_heat_penalty_coeff": 0.01789937093662378,
    "env_temperature_cold_recovery_penalty_coeff": 0.043733678518286336,
    "load_metabolic_dampening": 0.6422399484990741,
    "max_recovery_per_tick": 0.0004922240323589861,
    "slope_uphill_coeff": 0.08,
    "slope_downhill_coeff": 0.03
  }
}