{
  "version": "3.0.0",
  "description": "RSS 增强型优化配置（NSGA-II）- TacticalAction",
  "optimization_method": "NSGA-II (Super Pipeline)",
  "objectives": {
    "realism_loss": 0.18159617513411333,
    "playability_burden": 422.8427087974943,
    "stability_risk": 0.0
  },
  "parameters": {
    "energy_to_stamina_coeff": 2.5057006371784408e-05,
    "base_recovery_rate": 0.0001972519934567765,
    "prone_recovery_multiplier": 2.5877035553334373,
    "standing_recovery_multiplier": 1.275494136257953,
    "load_recovery_penalty_coeff": 0.00034393545589591154,
    "load_recovery_penalty_exponent": 1.2259806134966127,
    "encumbrance_speed_penalty_coeff": 0.2946178125893101,
    "encumbrance_stamina_drain_coeff": 0.8013615053547372,
    "sprint_stamina_drain_multiplier": 2.5856196735855534,
    "fatigue_accumulation_coeff": 0.006041267277146514,
    "fatigue_max_factor": 2.315542960409826,
    "aerobic_efficiency_factor": 0.8025700417293913,
    "anaerobic_efficiency_factor": 1.010627357102812,
    "recovery_nonlinear_coeff": 0.470585910575242,
    "fast_recovery_multiplier": 2.875328663297769,
    "medium_recovery_multiplier": 1.8583458743651358,
    "slow_recovery_multiplier": 0.8050117430400403,
    "marginal_decay_threshold": 0.7900444271675218,
    "marginal_decay_coeff": 1.1168551582805015,
    "min_recovery_stamina_threshold": 0.19257896184430193,
    "min_recovery_rest_time_seconds": 4.2596357337664825,
    "sprint_speed_boost": 0.2509958057462457,
    "posture_crouch_multiplier": 0.8916200762878309,
    "posture_prone_multiplier": 0.3680134930087806,
    "jump_stamina_base_cost": 0.02882942095439412,
    "vault_stamina_start_cost": 0.018209217151670346,
    "climb_stamina_tick_cost": 0.009501445039085257,
    "jump_consecutive_penalty": 0.5477733462608538,
    "slope_uphill_coeff": 0.08918384416595634,
    "slope_downhill_coeff": 0.024656292933708725,
    "swimming_base_power": 19.75974586083639,
    "swimming_encumbrance_threshold": 21.081761795656643,
    "swimming_static_drain_multiplier": 2.533808015912749,
    "swimming_dynamic_power_efficiency": 1.6874996469521029,
    "swimming_energy_to_stamina_coeff": 4.060557978253123e-05,
    "env_heat_stress_max_multiplier": 1.4536122965538405,
    "env_rain_weight_max": 6.849183867343212,
    "env_wind_resistance_coeff": 0.03332790209666932,
    "env_mud_penalty_max": 0.30942644673350883,
    "env_temperature_heat_penalty_coeff": 0.020147973898641886,
    "env_temperature_cold_recovery_penalty_coeff": 0.04768719915163447
  }
}