{
  "energy_to_stamina_coeff": 1.4989461817584443e-07,
  "base_recovery_rate": 0.00011808637353215549,
  "standing_recovery_multiplier": 0.7092967662469325,
  "crouching_recovery_multiplier": 1.5075686877570584,
  "prone_recovery_multiplier": 1.5361570776816418,
  "fast_recovery_multiplier": 1.4304856962013361,
  "medium_recovery_multiplier": 0.935441739770724,
  "slow_recovery_multiplier": 0.39730234802833236,
  "encumbrance_speed_penalty_coeff": 0.3011543446848675,
  "encumbrance_stamina_drain_coeff": 2.379776572400105,
  "load_recovery_penalty_coeff": 0.0001685451549653114,
  "posture_crouch_multiplier": 2.814762472742022,
  "posture_prone_multiplier": 3.564933866867508,
  "sprint_speed_boost": 0.23233992425868955,
  "recovery_nonlinear_coeff": 0.38844237293283396,
  "max_recovery_per_tick": 0.00023191175712876827,
  "willpower_threshold": 0.3839035619834488,
  "sprint_enable_threshold": 0.2451886250969123,
  "critical_power_watts": 382.1078099628693,
  "w_prime_max_joules": 17199.45903383015,
  "w_prime_recovery_w_per_s": 10.81149948651355,
  "sprint_power_cap_watts": 1519.4203633650366,
  "v5_walk_speed_ms": 1.4,
  "v5_run_speed_ms": 2.8,
  "v5_sprint_speed_ms": 4.0,
  "_metrics_v6": {
    "sustain_ease": 0.3061860470627311,
    "mobility_ease": 0.001969538877453747,
    "combat_ease": 0.6908130971144747,
    "recovery_ease": 0.0011400600799393022,
    "param_drift": 2.5257913508831855
  },
  "_philosophy": "战斗/恢复折中 → 拟真与可玩性平衡"
}