{
  "version": "3.0.0",
  "description": "RSS 增强型优化配置（NSGA-II）- TacticalAction",
  "optimization_method": "NSGA-II (Super Pipeline)",
  "objectives": {
    "playability_burden": 2.1372404170593593,
    "stability_risk": 636.3195054813582
  },
  "parameters": {
    "energy_to_stamina_coeff": 5.26528764854567e-07,
    "base_recovery_rate": 0.00011988990289617863,
    "prone_recovery_multiplier": 3.3645337678419445,
    "standing_recovery_multiplier": 1.632973583040232,
    "load_recovery_penalty_coeff": 0.00016608401351592505,
    "load_recovery_penalty_exponent": 1.01328120345858,
    "encumbrance_speed_penalty_coeff": 0.16504183581756715,
    "encumbrance_speed_penalty_max": 0.652759637628037,
    "encumbrance_stamina_drain_coeff": 1.1991743553766345,
    "fatigue_accumulation_coeff": 0.005690661915930857,
    "fatigue_max_factor": 2.526653041603961,
    "recovery_nonlinear_coeff": 0.40193224891518065,
    "slow_recovery_multiplier": 0.7295446549583793,
    "medium_recovery_multiplier": 1.4080842291709725,
    "fast_recovery_multiplier": 1.8784658497294584,
    "marginal_decay_threshold": 0.8296513908155644,
    "marginal_decay_coeff": 1.0672386362105166,
    "min_recovery_stamina_threshold": 0.2372394563354815,
    "min_recovery_rest_time_seconds": 17.26232478138483,
    "sprint_speed_boost": 0.2910042718489868,
    "posture_crouch_multiplier": 2.162338057481207,
    "posture_prone_multiplier": 3.181221287670045,
    "jump_height_guess": 0.3510289163101585,
    "jump_horizontal_speed_guess": 0.9402493566226009,
    "swimming_base_power": 17.531989070128102,
    "swimming_encumbrance_threshold": 28.036934518773023,
    "swimming_static_drain_multiplier": 3.3178220735661905,
    "swimming_dynamic_power_efficiency": 2.478947355854662,
    "swimming_energy_to_stamina_coeff": 5.003739062049008e-05,
    "env_heat_stress_max_multiplier": 1.381982751891095,
    "env_rain_weight_max": 9.013902421785922,
    "env_wind_resistance_coeff": 0.035298826253677064,
    "env_mud_penalty_max": 0.40938310275862483,
    "env_temperature_heat_penalty_coeff": 0.02046247600130851,
    "env_temperature_cold_recovery_penalty_coeff": 0.041789462456207745,
    "slope_uphill_coeff": 0.08,
    "slope_downhill_coeff": 0.03
  }
}