{
  "version": "3.0.0",
  "description": "RSS 多目标优化配置（Optuna 贝叶斯优化）",
  "optimization_method": "Optuna (TPE)",
  "parameters": {
    "energy_to_stamina_coeff": 2.6333528957624602e-05,
    "base_recovery_rate": 0.00023164333688220943,
    "standing_recovery_multiplier": 2.4114866192836706,
    "prone_recovery_multiplier": 2.1730427202973543,
    "load_recovery_penalty_coeff": 0.00017391568812722005,
    "load_recovery_penalty_exponent": 1.2801779338377395,
    "encumbrance_speed_penalty_coeff": 0.10000129927640591,
    "encumbrance_stamina_drain_coeff": 1.1486082937408313,
    "sprint_stamina_drain_multiplier": 3.5965587619463224,
    "fatigue_accumulation_coeff": 0.013425334657290863,
    "fatigue_max_factor": 2.534451467011256,
    "aerobic_efficiency_factor": 0.921835972105651,
    "anaerobic_efficiency_factor": 1.3948039497644362,
    "recovery_nonlinear_coeff": 0.4196012898651257,
    "fast_recovery_multiplier": 4.019641691369172,
    "medium_recovery_multiplier": 2.3815671168167833,
    "slow_recovery_multiplier": 0.7268008109787427,
    "marginal_decay_threshold": 0.7655910295415146,
    "marginal_decay_coeff": 1.139086906132969,
    "min_recovery_stamina_threshold": 0.2202201835109749,
    "min_recovery_rest_time_seconds": 1.3331706119605482,
    "sprint_speed_boost": 0.26897304958613744,
    "posture_crouch_multiplier": 2.08130891450911,
    "posture_prone_multiplier": 3.1898541332823944,
    "jump_stamina_base_cost": 0.02913919064059783,
    "vault_stamina_start_cost": 0.02476964666678062,
    "climb_stamina_tick_cost": 0.009888508907913327,
    "jump_consecutive_penalty": 0.4537722904143387,
    "slope_uphill_coeff": 0.09290183775042937,
    "slope_downhill_coeff": 0.03250607306152274,
    "swimming_base_power": 28.080746233363996,
    "swimming_encumbrance_threshold": 26.672694485415967,
    "swimming_static_drain_multiplier": 3.2894357699912193,
    "swimming_dynamic_power_efficiency": 2.249809465861834,
    "swimming_energy_to_stamina_coeff": 5.2390686358810076e-05,
    "env_heat_stress_max_multiplier": 1.341402866390286,
    "env_rain_weight_max": 6.878578306748767,
    "env_wind_resistance_coeff": 0.051225043103364024,
    "env_mud_penalty_max": 0.3048030034525087,
    "env_temperature_heat_penalty_coeff": 0.019026070063373215,
    "env_temperature_cold_recovery_penalty_coeff": 0.05572959895209741
  }
}