{
  "version": "3.0.0",
  "description": "RSS 增强型优化配置（NSGA-II）- StandardMilsim",
  "optimization_method": "NSGA-II (Super Pipeline)",
  "objectives": {
    "realism_loss": 1.1216544472140548e-13,
    "playability_burden": 0.0,
    "stability_risk": 0.0
  },
  "parameters": {
    "energy_to_stamina_coeff": 3.0642147332118343e-05,
    "base_recovery_rate": 0.00019936373374823975,
    "prone_recovery_multiplier": 2.391326412175987,
    "standing_recovery_multiplier": 1.2724034116269574,
    "load_recovery_penalty_coeff": 0.0003782118609092528,
    "load_recovery_penalty_exponent": 2.5276814094458167,
    "encumbrance_speed_penalty_coeff": 0.10088955403798212,
    "encumbrance_stamina_drain_coeff": 1.6898716414300166,
    "sprint_stamina_drain_multiplier": 2.7253183447857894,
    "fatigue_accumulation_coeff": 0.017708247520076315,
    "fatigue_max_factor": 1.7728257697975012,
    "aerobic_efficiency_factor": 0.9580226448169157,
    "anaerobic_efficiency_factor": 1.1451038332485566,
    "recovery_nonlinear_coeff": 0.4617781375319723,
    "fast_recovery_multiplier": 3.3405797224154985,
    "medium_recovery_multiplier": 2.359916891565974,
    "slow_recovery_multiplier": 0.5497795112222168,
    "marginal_decay_threshold": 0.838317550836646,
    "marginal_decay_coeff": 1.141746779387695,
    "min_recovery_stamina_threshold": 0.18828089202756704,
    "min_recovery_rest_time_seconds": 4.99613436832593,
    "sprint_speed_boost": 0.26717181653170036,
    "posture_crouch_multiplier": 0.8636620302884634,
    "posture_prone_multiplier": 0.5035801490873693,
    "jump_stamina_base_cost": 0.026409506811332646,
    "vault_stamina_start_cost": 0.020111229109444982,
    "climb_stamina_tick_cost": 0.011974645957191547,
    "jump_consecutive_penalty": 0.5042599856965883,
    "slope_uphill_coeff": 0.08265449219468612,
    "slope_downhill_coeff": 0.03737210335384906,
    "swimming_base_power": 15.026116794068825,
    "swimming_encumbrance_threshold": 29.715974469928774,
    "swimming_static_drain_multiplier": 2.8644689712130877,
    "swimming_dynamic_power_efficiency": 1.8437541817387046,
    "swimming_energy_to_stamina_coeff": 4.714986580427242e-05,
    "env_heat_stress_max_multiplier": 1.5849771106962125,
    "env_rain_weight_max": 9.82371721487525,
    "env_wind_resistance_coeff": 0.062338533128189544,
    "env_mud_penalty_max": 0.48572534033970255,
    "env_temperature_heat_penalty_coeff": 0.015775151991930546,
    "env_temperature_cold_recovery_penalty_coeff": 0.04113140365869699
  }
}