{
  "version": "3.0.0",
  "description": "RSS 增强型优化配置（NSGA-II）- TacticalAction",
  "optimization_method": "NSGA-II (Super Pipeline)",
  "objectives": {
    "playability_burden": 29.35,
    "stability_risk": 109.12134354703902
  },
  "parameters": {
    "energy_to_stamina_coeff": 2.5241358053606185e-05,
    "base_recovery_rate": 0.0004968909916035266,
    "prone_recovery_multiplier": 1.8484634529243826,
    "standing_recovery_multiplier": 1.9667061400184607,
    "load_recovery_penalty_coeff": 0.00010522012757210167,
    "load_recovery_penalty_exponent": 1.4829929705137357,
    "encumbrance_speed_penalty_coeff": 0.23570235473349532,
    "encumbrance_stamina_drain_coeff": 0.8232928409775595,
    "sprint_stamina_drain_multiplier": 3.9085534411664096,
    "fatigue_accumulation_coeff": 0.02576043860307977,
    "fatigue_max_factor": 1.9422901683450757,
    "aerobic_efficiency_factor": 0.8177325990501637,
    "anaerobic_efficiency_factor": 1.4821713166891666,
    "recovery_nonlinear_coeff": 0.6561638068877313,
    "fast_recovery_multiplier": 3.493395502024244,
    "medium_recovery_multiplier": 2.331028311487189,
    "slow_recovery_multiplier": 0.8851146789149318,
    "marginal_decay_threshold": 0.8464881852808044,
    "marginal_decay_coeff": 1.10612858005413,
    "min_recovery_stamina_threshold": 0.18286372680777369,
    "min_recovery_rest_time_seconds": 2.2836146692330592,
    "sprint_speed_boost": 0.26219569649174346,
    "posture_crouch_multiplier": 0.7955019980504139,
    "posture_prone_multiplier": 0.7643377759190777,
    "jump_stamina_base_cost": 0.03250183844036436,
    "vault_stamina_start_cost": 0.023784141511391493,
    "climb_stamina_tick_cost": 0.011742914179067119,
    "jump_consecutive_penalty": 0.4262004263000324,
    "slope_uphill_coeff": 0.08137455917897606,
    "slope_downhill_coeff": 0.027897964966823133,
    "swimming_base_power": 16.722918952161784,
    "swimming_encumbrance_threshold": 27.477041522008886,
    "swimming_static_drain_multiplier": 2.6277011968331525,
    "swimming_dynamic_power_efficiency": 2.4465831262936124,
    "swimming_energy_to_stamina_coeff": 4.545847235875981e-05,
    "env_heat_stress_max_multiplier": 1.4858416586734653,
    "env_rain_weight_max": 9.559581031074261,
    "env_wind_resistance_coeff": 0.05042719796657297,
    "env_mud_penalty_max": 0.475410884684064,
    "env_temperature_heat_penalty_coeff": 0.020611018538577133,
    "env_temperature_cold_recovery_penalty_coeff": 0.05534928486326215
  }
}