{
  "energy_to_stamina_coeff": 1.2689034819190197e-07,
  "base_recovery_rate": 0.00012527639234533933,
  "standing_recovery_multiplier": 0.899286091648044,
  "crouching_recovery_multiplier": 1.6929122029243937,
  "prone_recovery_multiplier": 2.0961445318175245,
  "fast_recovery_multiplier": 1.6386847486531717,
  "medium_recovery_multiplier": 1.027300330600185,
  "slow_recovery_multiplier": 0.3721929090029825,
  "encumbrance_speed_penalty_coeff": 0.21909331466822737,
  "encumbrance_stamina_drain_coeff": 2.2145147720633176,
  "load_recovery_penalty_coeff": 0.00010285029094195566,
  "posture_crouch_multiplier": 3.4384813130993432,
  "posture_prone_multiplier": 3.188496107482539,
  "sprint_speed_boost": 0.18319513150259656,
  "recovery_nonlinear_coeff": 0.34063786350354025,
  "max_recovery_per_tick": 0.00041996687244961914,
  "willpower_threshold": 0.3137979498818184,
  "sprint_enable_threshold": 0.24382637000432397,
  "_metrics": {
    "combat_ease": 0.8304726530675046,
    "recovery_ease": 0.0009349674738125837,
    "parameter_realism": 3.724892633244404
  },
  "_philosophy": "高 combat_ease + 高 recovery_ease → 战斗最宽容"
}