{
  "version": "3.0.0",
  "description": "RSS 多目标优化配置（Optuna 贝叶斯优化）",
  "optimization_method": "Optuna (TPE)",
  "parameters": {
    "energy_to_stamina_coeff": 2.9194874379987992e-05,
    "base_recovery_rate": 0.00031111485432550555,
    "standing_recovery_multiplier": 1.9796287391094778,
    "prone_recovery_multiplier": 1.6404959192735595,
    "load_recovery_penalty_coeff": 0.0003889764575181176,
    "load_recovery_penalty_exponent": 2.2627284077199823,
    "encumbrance_speed_penalty_coeff": 0.10000002782795166,
    "encumbrance_stamina_drain_coeff": 1.1350917481740912,
    "sprint_stamina_drain_multiplier": 3.1636815339473556,
    "fatigue_accumulation_coeff": 0.01654036146995271,
    "fatigue_max_factor": 2.9203077355660585,
    "aerobic_efficiency_factor": 0.9998930300181869,
    "anaerobic_efficiency_factor": 1.183419757769625,
    "recovery_nonlinear_coeff": 0.46215825703790875,
    "fast_recovery_multiplier": 3.5045988249726956,
    "medium_recovery_multiplier": 1.901981174586161,
    "slow_recovery_multiplier": 0.811920400851899,
    "marginal_decay_threshold": 0.7835395066886681,
    "marginal_decay_coeff": 1.144256694515972,
    "min_recovery_stamina_threshold": 0.23846487615970677,
    "min_recovery_rest_time_seconds": 2.310594816818206,
    "sprint_speed_boost": 0.3353966125308557,
    "posture_crouch_multiplier": 1.9935996609838034,
    "posture_prone_multiplier": 2.852948340394381,
    "jump_stamina_base_cost": 0.03245077913210292,
    "vault_stamina_start_cost": 0.023281558492162308,
    "climb_stamina_tick_cost": 0.011470612107679521,
    "jump_consecutive_penalty": 0.5225703885160365,
    "slope_uphill_coeff": 0.09618241116393783,
    "slope_downhill_coeff": 0.03812319923658024,
    "swimming_base_power": 24.9813919409567,
    "swimming_encumbrance_threshold": 24.80002042404362,
    "swimming_static_drain_multiplier": 2.8699541465678764,
    "swimming_dynamic_power_efficiency": 2.342862756889349,
    "swimming_energy_to_stamina_coeff": 5.547609843019176e-05,
    "env_heat_stress_max_multiplier": 1.3495739754235956,
    "env_rain_weight_max": 8.07119694096754,
    "env_wind_resistance_coeff": 0.061055453964561884,
    "env_mud_penalty_max": 0.3131494284567202,
    "env_temperature_heat_penalty_coeff": 0.022003076258042088,
    "env_temperature_cold_recovery_penalty_coeff": 0.05053965784260602
  }
}