{
  "version": "3.0.0",
  "description": "RSS 增强型优化配置（NSGA-II）- StandardMilsim",
  "optimization_method": "NSGA-II (Super Pipeline)",
  "objectives": {
    "playability_burden": 5.959094789468873,
    "stability_risk": 197.7151119560673
  },
  "parameters": {
    "energy_to_stamina_coeff": 5.15223050518636e-07,
    "base_recovery_rate": 0.00014551273875549543,
    "prone_recovery_multiplier": 3.384762729468411,
    "standing_recovery_multiplier": 1.4875263335970437,
    "load_recovery_penalty_coeff": 0.00012974243874721395,
    "load_recovery_penalty_exponent": 1.6727907094660301,
    "encumbrance_speed_penalty_coeff": 0.12984619921138096,
    "encumbrance_speed_penalty_max": 0.6155177205351537,
    "encumbrance_stamina_drain_coeff": 1.4592832990841775,
    "fatigue_accumulation_coeff": 0.006400210358708799,
    "fatigue_max_factor": 2.0041957207247183,
    "recovery_nonlinear_coeff": 0.23423543950197032,
    "slow_recovery_multiplier": 0.6356518866771323,
    "medium_recovery_multiplier": 1.8678242335541677,
    "fast_recovery_multiplier": 2.783017927769599,
    "marginal_decay_threshold": 0.7748933778261107,
    "marginal_decay_coeff": 1.136036723467193,
    "min_recovery_stamina_threshold": 0.20153743307446753,
    "min_recovery_rest_time_seconds": 15.708979992948688,
    "sprint_speed_boost": 0.3402560842332549,
    "posture_crouch_multiplier": 1.7452633685127366,
    "posture_prone_multiplier": 2.545246027703516,
    "jump_height_guess": 0.35995126611184247,
    "jump_horizontal_speed_guess": 0.26794756969032796,
    "swimming_base_power": 19.043762007162456,
    "swimming_encumbrance_threshold": 24.94839067819875,
    "swimming_static_drain_multiplier": 3.4657337012362293,
    "swimming_dynamic_power_efficiency": 2.47065163304779,
    "swimming_energy_to_stamina_coeff": 5.7023941749575234e-05,
    "env_heat_stress_max_multiplier": 1.32623953411423,
    "env_rain_weight_max": 9.85611316332976,
    "env_wind_resistance_coeff": 0.057573634587048506,
    "env_mud_penalty_max": 0.3785880255634801,
    "env_temperature_heat_penalty_coeff": 0.022016749169847666,
    "env_temperature_cold_recovery_penalty_coeff": 0.04033045459573053,
    "load_metabolic_dampening": 0.5511541387959747,
    "max_recovery_per_tick": 0.0005318742846225471,
    "slope_uphill_coeff": 0.08,
    "slope_downhill_coeff": 0.03
  }
}