{
  "version": "3.0.0",
  "description": "RSS 增强型优化配置（NSGA-II）- TacticalAction",
  "optimization_method": "NSGA-II (Super Pipeline)",
  "objectives": {
    "playability_burden": 4.182382935580672,
    "stability_risk": 804.895155345434
  },
  "parameters": {
    "energy_to_stamina_coeff": 5.111585676217763e-07,
    "base_recovery_rate": 0.00024123873798156907,
    "prone_recovery_multiplier": 1.738599161203625,
    "standing_recovery_multiplier": 1.4233702740830247,
    "load_recovery_penalty_coeff": 1.6185863434809861e-06,
    "load_recovery_penalty_exponent": 1.5932594701753773,
    "encumbrance_speed_penalty_coeff": 0.11136086341779153,
    "encumbrance_speed_penalty_max": 0.5083728382123032,
    "encumbrance_stamina_drain_coeff": 1.4896141729040135,
    "fatigue_accumulation_coeff": 0.00796949403712578,
    "fatigue_max_factor": 2.8735370250774563,
    "recovery_nonlinear_coeff": 0.39876283203736373,
    "slow_recovery_multiplier": 0.6196509844519267,
    "medium_recovery_multiplier": 1.7129472661543068,
    "fast_recovery_multiplier": 1.9261583742374158,
    "marginal_decay_threshold": 0.7178956765964835,
    "marginal_decay_coeff": 1.115197371392296,
    "min_recovery_stamina_threshold": 0.19869407132392483,
    "min_recovery_rest_time_seconds": 20.808305006384202,
    "sprint_speed_boost": 0.3441389586140472,
    "posture_crouch_multiplier": 1.6941834388357737,
    "posture_prone_multiplier": 2.477128021267717,
    "jump_height_guess": 0.650487639456717,
    "jump_horizontal_speed_guess": 1.4724159834636494,
    "swimming_base_power": 23.310844073565953,
    "swimming_encumbrance_threshold": 29.117377082773537,
    "swimming_static_drain_multiplier": 2.7543400875776043,
    "swimming_dynamic_power_efficiency": 2.2725264231625943,
    "swimming_energy_to_stamina_coeff": 4.530946449995298e-05,
    "env_heat_stress_max_multiplier": 1.283497013371356,
    "env_rain_weight_max": 9.777064638622203,
    "env_wind_resistance_coeff": 0.030772176668714665,
    "env_mud_penalty_max": 0.49307774073268595,
    "env_temperature_heat_penalty_coeff": 0.016492618969888063,
    "env_temperature_cold_recovery_penalty_coeff": 0.05638876163586536,
    "load_metabolic_dampening": 0.5965728935738361,
    "max_recovery_per_tick": 0.00034028093097229094,
    "slope_uphill_coeff": 0.08,
    "slope_downhill_coeff": 0.03
  }
}