{
  "version": "3.0.0",
  "description": "RSS 增强型优化配置（NSGA-II）- EliteStandard",
  "optimization_method": "NSGA-II (Super Pipeline)",
  "objectives": {
    "playability_burden": 8.925554986959071,
    "stability_risk": 84.42453903961956
  },
  "parameters": {
    "energy_to_stamina_coeff": 7.098135866118656e-07,
    "base_recovery_rate": 4.077965473948322e-05,
    "prone_recovery_multiplier": 2.2743107881079663,
    "standing_recovery_multiplier": 1.6112968982813451,
    "load_recovery_penalty_coeff": 2.6717466129969458e-06,
    "load_recovery_penalty_exponent": 1.8606044903497096,
    "encumbrance_speed_penalty_coeff": 0.15370506825595293,
    "encumbrance_speed_penalty_max": 0.904361941534306,
    "encumbrance_stamina_drain_coeff": 1.1742959309071455,
    "fatigue_accumulation_coeff": 0.008184514561939386,
    "fatigue_max_factor": 1.7127432430315124,
    "recovery_nonlinear_coeff": 0.10224705682677089,
    "slow_recovery_multiplier": 0.6596472454954507,
    "medium_recovery_multiplier": 0.973230201465962,
    "fast_recovery_multiplier": 2.371047172709124,
    "marginal_decay_threshold": 0.8178543522474173,
    "marginal_decay_coeff": 1.07756858969027,
    "min_recovery_stamina_threshold": 0.1675224292366115,
    "min_recovery_rest_time_seconds": 20.49443245218683,
    "sprint_speed_boost": 0.3462753820597134,
    "posture_crouch_multiplier": 1.300440417861966,
    "posture_prone_multiplier": 2.5645035514545134,
    "jump_height_guess": 0.972008860076903,
    "jump_horizontal_speed_guess": 0.056676332718369415,
    "swimming_base_power": 24.776323365504723,
    "swimming_encumbrance_threshold": 20.046444830849886,
    "swimming_static_drain_multiplier": 3.3736686556513313,
    "swimming_dynamic_power_efficiency": 1.8073251809877495,
    "swimming_energy_to_stamina_coeff": 5.877177716354593e-05,
    "env_heat_stress_max_multiplier": 1.3267781154542342,
    "env_rain_weight_max": 8.617225286136224,
    "env_wind_resistance_coeff": 0.03320130279063747,
    "env_mud_penalty_max": 0.3484659622907478,
    "env_temperature_heat_penalty_coeff": 0.022736793464792508,
    "env_temperature_cold_recovery_penalty_coeff": 0.05057371707357639,
    "slope_uphill_coeff": 0.08,
    "slope_downhill_coeff": 0.03
  }
}