{
  "version": "3.0.0",
  "description": "RSS 增强型优化配置（NSGA-II）- StandardMilsim",
  "optimization_method": "NSGA-II (Super Pipeline)",
  "objectives": {
    "playability_burden": 140.0,
    "stability_risk": 694.7956632484304
  },
  "parameters": {
    "energy_to_stamina_coeff": 4.0842220970194995e-05,
    "base_recovery_rate": 0.0001875791274223719,
    "prone_recovery_multiplier": 2.1032291271115398,
    "standing_recovery_multiplier": 1.7090073829612467,
    "load_recovery_penalty_coeff": 0.00018823701737610618,
    "load_recovery_penalty_exponent": 1.0139042610623814,
    "encumbrance_speed_penalty_coeff": 0.10811714242693903,
    "encumbrance_stamina_drain_coeff": 1.3344865142934017,
    "sprint_stamina_drain_multiplier": 4.632587104816601,
    "fatigue_accumulation_coeff": 0.009446859162827875,
    "fatigue_max_factor": 2.2434920160526324,
    "aerobic_efficiency_factor": 1.0402946496651282,
    "anaerobic_efficiency_factor": 1.5416480655493425,
    "recovery_nonlinear_coeff": 0.6103445754634607,
    "fast_recovery_multiplier": 1.6671916011113272,
    "medium_recovery_multiplier": 1.445154598887282,
    "slow_recovery_multiplier": 0.7915346248162882,
    "marginal_decay_threshold": 0.7943534302299647,
    "marginal_decay_coeff": 1.0751782295825365,
    "min_recovery_stamina_threshold": 0.22438621448859986,
    "min_recovery_rest_time_seconds": 2.7709437108258332,
    "sprint_speed_boost": 0.2640039231264352,
    "posture_crouch_multiplier": 0.6229998701533976,
    "posture_prone_multiplier": 0.6024317154242289,
    "jump_stamina_base_cost": 0.02972652035218916,
    "vault_stamina_start_cost": 0.019383808971409316,
    "climb_stamina_tick_cost": 0.008067451480328417,
    "jump_consecutive_penalty": 0.4303221275860952,
    "slope_uphill_coeff": 0.06368321972494478,
    "slope_downhill_coeff": 0.022897897441824463,
    "swimming_base_power": 17.397441729382585,
    "swimming_encumbrance_threshold": 21.000180900243222,
    "swimming_static_drain_multiplier": 3.1919100266195617,
    "swimming_dynamic_power_efficiency": 1.5290399022092194,
    "swimming_energy_to_stamina_coeff": 5.235481001249996e-05,
    "env_heat_stress_max_multiplier": 1.2562831323302297,
    "env_rain_weight_max": 9.780645828711588,
    "env_wind_resistance_coeff": 0.039362311000699965,
    "env_mud_penalty_max": 0.30995620030460874,
    "env_temperature_heat_penalty_coeff": 0.024330940731098545,
    "env_temperature_cold_recovery_penalty_coeff": 0.05308471559890636
  }
}