{
  "version": "3.0.0",
  "description": "RSS 增强型优化配置（NSGA-II）- TacticalAction",
  "optimization_method": "NSGA-II (Super Pipeline)",
  "objectives": {
    "playability_burden": 195.79516896190654,
    "stability_risk": 136.03209239088378
  },
  "parameters": {
    "energy_to_stamina_coeff": 5.126342936943546e-07,
    "base_recovery_rate": 6.65629556627917e-05,
    "prone_recovery_multiplier": 3.3577796533110353,
    "standing_recovery_multiplier": 1.255450910072332,
    "load_recovery_penalty_coeff": 6.982842430994587e-05,
    "load_recovery_penalty_exponent": 1.6900468884094497,
    "encumbrance_speed_penalty_coeff": 0.11896607869281824,
    "encumbrance_speed_penalty_max": 0.5895511636509397,
    "encumbrance_stamina_drain_coeff": 1.158756417582656,
    "fatigue_accumulation_coeff": 0.010272789664973341,
    "fatigue_max_factor": 2.333240244697488,
    "recovery_nonlinear_coeff": 0.503511073646223,
    "slow_recovery_multiplier": 0.725712358831304,
    "medium_recovery_multiplier": 1.1867268984993682,
    "fast_recovery_multiplier": 3.2476951587010787,
    "marginal_decay_threshold": 0.782029943977728,
    "marginal_decay_coeff": 1.050604704318398,
    "min_recovery_stamina_threshold": 0.16454161500926148,
    "min_recovery_rest_time_seconds": 15.99057764647471,
    "sprint_speed_boost": 0.3015375362634564,
    "posture_crouch_multiplier": 1.8447986451638665,
    "posture_prone_multiplier": 2.103665734343938,
    "jump_height_guess": 0.3819469114993241,
    "jump_horizontal_speed_guess": 0.30869156548413257,
    "swimming_base_power": 22.61510631717472,
    "swimming_encumbrance_threshold": 25.46677264897312,
    "swimming_static_drain_multiplier": 3.3844787275967594,
    "swimming_dynamic_power_efficiency": 1.6906685810211732,
    "swimming_energy_to_stamina_coeff": 5.6353986236952125e-05,
    "env_heat_stress_max_multiplier": 1.2291052025456775,
    "env_rain_weight_max": 6.664917448206635,
    "env_wind_resistance_coeff": 0.05640468384500616,
    "env_mud_penalty_max": 0.42619823084272845,
    "env_temperature_heat_penalty_coeff": 0.015848377140851917,
    "env_temperature_cold_recovery_penalty_coeff": 0.04836405568685448,
    "load_metabolic_dampening": 0.6386981813837799,
    "max_recovery_per_tick": 0.0004761050436741604,
    "slope_uphill_coeff": 0.08,
    "slope_downhill_coeff": 0.03
  }
}