{
  "version": "3.0.0",
  "description": "RSS 增强型优化配置（NSGA-II）- StandardMilsim",
  "optimization_method": "NSGA-II (Super Pipeline)",
  "objectives": {
    "realism_loss": 0.09850121519935634,
    "playability_burden": 10.07894018348746,
    "stability_risk": 0.0
  },
  "parameters": {
    "energy_to_stamina_coeff": 3.350002909670807e-05,
    "base_recovery_rate": 0.00043305426266798696,
    "prone_recovery_multiplier": 2.724226285146163,
    "standing_recovery_multiplier": 1.578739023199474,
    "load_recovery_penalty_coeff": 0.0001021074880089839,
    "load_recovery_penalty_exponent": 1.2244760658342237,
    "encumbrance_speed_penalty_coeff": 0.10001251543248756,
    "encumbrance_stamina_drain_coeff": 1.1589441551288424,
    "sprint_stamina_drain_multiplier": 2.922430697781304,
    "fatigue_accumulation_coeff": 0.022239294494156812,
    "fatigue_max_factor": 1.9326959965194204,
    "aerobic_efficiency_factor": 0.8999670009438896,
    "anaerobic_efficiency_factor": 1.2105545118513072,
    "recovery_nonlinear_coeff": 0.465681878874853,
    "fast_recovery_multiplier": 2.9990665299046233,
    "medium_recovery_multiplier": 1.6120418369961556,
    "slow_recovery_multiplier": 1.0809971396179707,
    "marginal_decay_threshold": 0.7203292713565895,
    "marginal_decay_coeff": 1.1037877909591833,
    "min_recovery_stamina_threshold": 0.19604638684450384,
    "min_recovery_rest_time_seconds": 3.3531353804708397,
    "sprint_speed_boost": 0.3398820665343598,
    "posture_crouch_multiplier": 0.8410674109655961,
    "posture_prone_multiplier": 0.2683654815826983,
    "jump_stamina_base_cost": 0.02566022552123754,
    "vault_stamina_start_cost": 0.018427846405097727,
    "climb_stamina_tick_cost": 0.009830428275287115,
    "jump_consecutive_penalty": 0.5586497143879464,
    "slope_uphill_coeff": 0.06260113565366943,
    "slope_downhill_coeff": 0.03989964402267381,
    "swimming_base_power": 24.945148948574186,
    "swimming_encumbrance_threshold": 20.06612661528269,
    "swimming_static_drain_multiplier": 3.211612845848425,
    "swimming_dynamic_power_efficiency": 2.3879909996801105,
    "swimming_energy_to_stamina_coeff": 4.946828084117678e-05,
    "env_heat_stress_max_multiplier": 1.4489544005990553,
    "env_rain_weight_max": 8.636850807488424,
    "env_wind_resistance_coeff": 0.03028138198934081,
    "env_mud_penalty_max": 0.32204495624739243,
    "env_temperature_heat_penalty_coeff": 0.01581848868127949,
    "env_temperature_cold_recovery_penalty_coeff": 0.056332468523119905
  }
}