{
  "version": "3.0.0",
  "description": "RSS 增强型优化配置（NSGA-II）- TacticalAction",
  "optimization_method": "NSGA-II (Super Pipeline)",
  "objectives": {
    "playability_burden": 1570.0,
    "stability_risk": 8472.016666666666,
    "physiological_realism": 7177.327817482701
  },
  "parameters": {
    "energy_to_stamina_coeff": 3.181592859167596e-05,
    "base_recovery_rate": 0.00020459596566563102,
    "prone_recovery_multiplier": 2.273995087294009,
    "standing_recovery_multiplier": 1.0755543686047426,
    "load_recovery_penalty_coeff": 0.00048195531431872703,
    "load_recovery_penalty_exponent": 1.5496120710962722,
    "encumbrance_speed_penalty_coeff": 0.11041448124425396,
    "encumbrance_stamina_drain_coeff": 0.8153859794127271,
    "sprint_stamina_drain_multiplier": 2.8511982586188167,
    "fatigue_accumulation_coeff": 0.0215154122788997,
    "fatigue_max_factor": 1.9227821621600998,
    "aerobic_efficiency_factor": 0.9000880206956816,
    "anaerobic_efficiency_factor": 1.5079949763669918,
    "recovery_nonlinear_coeff": 0.3672056830979453,
    "fast_recovery_multiplier": 2.9019776108216426,
    "medium_recovery_multiplier": 1.7176782465259373,
    "slow_recovery_multiplier": 0.7410442791154546,
    "marginal_decay_threshold": 0.7564069145142612,
    "marginal_decay_coeff": 1.0523638586046338,
    "min_recovery_stamina_threshold": 0.19771463759890492,
    "min_recovery_rest_time_seconds": 3.428376144355123,
    "sprint_speed_boost": 0.2630881138553576,
    "posture_crouch_multiplier": 0.6159735480579878,
    "posture_prone_multiplier": 0.42321085147566995,
    "jump_stamina_base_cost": 0.03688952670372346,
    "vault_stamina_start_cost": 0.019967668588591694,
    "climb_stamina_tick_cost": 0.01195114208085955,
    "jump_consecutive_penalty": 0.4471131869189003,
    "slope_uphill_coeff": 0.09730015812389531,
    "slope_downhill_coeff": 0.03501742135582995,
    "swimming_base_power": 22.545428740846823,
    "swimming_encumbrance_threshold": 21.031238688359327,
    "swimming_static_drain_multiplier": 3.359502975624898,
    "swimming_dynamic_power_efficiency": 2.005252372447857,
    "swimming_energy_to_stamina_coeff": 4.2567885789082506e-05,
    "env_heat_stress_max_multiplier": 1.2416438597536665,
    "env_rain_weight_max": 8.897355268514964,
    "env_wind_resistance_coeff": 0.058391402008958905,
    "env_mud_penalty_max": 0.3548321333119612,
    "env_temperature_heat_penalty_coeff": 0.019822252303373266,
    "env_temperature_cold_recovery_penalty_coeff": 0.04171316499192861
  }
}