{
  "version": "3.0.0",
  "description": "RSS 增强型优化配置（NSGA-II）- TacticalAction",
  "optimization_method": "NSGA-II (Super Pipeline)",
  "objectives": {
    "playability_burden": 9.235996798828843,
    "stability_risk": 8.212766527936221
  },
  "parameters": {
    "energy_to_stamina_coeff": 6.474636781008573e-07,
    "base_recovery_rate": 9.957793679687533e-05,
    "prone_recovery_multiplier": 2.476364386166276,
    "standing_recovery_multiplier": 1.7124669188203974,
    "load_recovery_penalty_coeff": 1.7551530307783463e-05,
    "load_recovery_penalty_exponent": 1.2199770806540196,
    "encumbrance_speed_penalty_coeff": 0.14050585757203904,
    "encumbrance_speed_penalty_exponent": 1.763077684947093,
    "encumbrance_speed_penalty_max": 0.9351141468770362,
    "encumbrance_stamina_drain_coeff": 0.806759934057659,
    "sprint_stamina_drain_multiplier": 3.485666023024507,
    "fatigue_accumulation_coeff": 0.028967929286116724,
    "fatigue_max_factor": 2.994226185795205,
    "aerobic_efficiency_factor": 0.9453176357839269,
    "anaerobic_efficiency_factor": 1.4855235878483999,
    "recovery_nonlinear_coeff": 0.22911983636996547,
    "slow_recovery_multiplier": 0.507888332200516,
    "medium_recovery_multiplier": 0.9060867965929411,
    "fast_recovery_multiplier": 1.2835888734812153,
    "marginal_decay_threshold": 0.70275293866708,
    "marginal_decay_coeff": 1.1045994135422974,
    "min_recovery_stamina_threshold": 0.1575601588894679,
    "min_recovery_rest_time_seconds": 2.145586313710314,
    "sprint_speed_boost": 0.2861664995498321,
    "posture_crouch_multiplier": 2.0595286211130563,
    "posture_prone_multiplier": 3.3048202064011,
    "jump_stamina_base_cost": 0.043042129314366254,
    "vault_stamina_start_cost": 0.021883531995402286,
    "climb_stamina_tick_cost": 0.0118841165249804,
    "jump_consecutive_penalty": 0.5019755309520814,
    "slope_uphill_coeff": 0.08554842327051498,
    "slope_downhill_coeff": 0.03152617639778113,
    "swimming_base_power": 19.842604294466128,
    "swimming_encumbrance_threshold": 28.459593654230126,
    "swimming_static_drain_multiplier": 3.14452513567036,
    "swimming_dynamic_power_efficiency": 2.301312264855473,
    "swimming_energy_to_stamina_coeff": 5.572727873204827e-05,
    "env_heat_stress_max_multiplier": 1.2764180642621181,
    "env_rain_weight_max": 8.600654130070575,
    "env_wind_resistance_coeff": 0.037985920767253364,
    "env_mud_penalty_max": 0.4166640956487542,
    "env_temperature_heat_penalty_coeff": 0.021774346844463006,
    "env_temperature_cold_recovery_penalty_coeff": 0.059944701431751735
  }
}