{
  "version": "3.0.0",
  "description": "RSS 增强型优化配置（NSGA-II）- EliteStandard",
  "optimization_method": "NSGA-II (Super Pipeline)",
  "objectives": {
    "playability_burden": 29.44,
    "stability_risk": 0.0
  },
  "parameters": {
    "energy_to_stamina_coeff": 2.5241358053606185e-05,
    "base_recovery_rate": 0.0004968909916035266,
    "prone_recovery_multiplier": 2.542883884499604,
    "standing_recovery_multiplier": 1.9778014149887746,
    "load_recovery_penalty_coeff": 0.00013636432292355116,
    "load_recovery_penalty_exponent": 1.2832887220953717,
    "encumbrance_speed_penalty_coeff": 0.26101839289256934,
    "encumbrance_stamina_drain_coeff": 0.8919037094053623,
    "sprint_stamina_drain_multiplier": 2.648255506735372,
    "fatigue_accumulation_coeff": 0.008769337989059725,
    "fatigue_max_factor": 2.1081562944532317,
    "aerobic_efficiency_factor": 0.8169608397924872,
    "anaerobic_efficiency_factor": 1.0509616889540234,
    "recovery_nonlinear_coeff": 0.6561638068877313,
    "fast_recovery_multiplier": 3.493395502024244,
    "medium_recovery_multiplier": 2.2445604678600986,
    "slow_recovery_multiplier": 0.6178904037646737,
    "marginal_decay_threshold": 0.8528706772872855,
    "marginal_decay_coeff": 1.0659181859728895,
    "min_recovery_stamina_threshold": 0.19646643927465418,
    "min_recovery_rest_time_seconds": 3.054507945512143,
    "sprint_speed_boost": 0.29304172111862,
    "posture_crouch_multiplier": 0.9146168340599409,
    "posture_prone_multiplier": 0.5178691826499364,
    "jump_stamina_base_cost": 0.0374473983754781,
    "vault_stamina_start_cost": 0.021993839804720007,
    "climb_stamina_tick_cost": 0.008356649318450827,
    "jump_consecutive_penalty": 0.4890605092418058,
    "slope_uphill_coeff": 0.0873730469130207,
    "slope_downhill_coeff": 0.02722389263398631,
    "swimming_base_power": 16.25889434060029,
    "swimming_encumbrance_threshold": 29.26719422802332,
    "swimming_static_drain_multiplier": 2.9551223487054665,
    "swimming_dynamic_power_efficiency": 2.088314459513704,
    "swimming_energy_to_stamina_coeff": 5.568357704800613e-05,
    "env_heat_stress_max_multiplier": 1.5254109832730822,
    "env_rain_weight_max": 6.694770665946427,
    "env_wind_resistance_coeff": 0.031337318974153136,
    "env_mud_penalty_max": 0.3714799730053424,
    "env_temperature_heat_penalty_coeff": 0.016636713329178952,
    "env_temperature_cold_recovery_penalty_coeff": 0.042815054706695575
  }
}