{
  "version": "3.0.0",
  "description": "RSS 增强型优化配置（NSGA-II）- TacticalAction",
  "optimization_method": "NSGA-II (Super Pipeline)",
  "objectives": {
    "playability_burden": 11.5,
    "stability_risk": 249.85920952279872
  },
  "parameters": {
    "energy_to_stamina_coeff": 5.937366612058892e-07,
    "base_recovery_rate": 0.00021973223293301895,
    "prone_recovery_multiplier": 3.2005974731435836,
    "standing_recovery_multiplier": 1.5170355409079903,
    "load_recovery_penalty_coeff": 0.00032066623220366726,
    "load_recovery_penalty_exponent": 1.5902990717555996,
    "encumbrance_speed_penalty_coeff": 0.1756008562535828,
    "encumbrance_speed_penalty_exponent": 2.69083840340154,
    "encumbrance_speed_penalty_max": 0.5632401127785114,
    "encumbrance_stamina_drain_coeff": 1.225118865593151,
    "fatigue_accumulation_coeff": 0.02534764540563692,
    "fatigue_max_factor": 2.8514452440581457,
    "recovery_nonlinear_coeff": 0.6858896657205225,
    "slow_recovery_multiplier": 0.7705514949325014,
    "medium_recovery_multiplier": 0.996477841438365,
    "fast_recovery_multiplier": 3.884176887603295,
    "marginal_decay_threshold": 0.7819676956219188,
    "marginal_decay_coeff": 1.1490801355945937,
    "min_recovery_stamina_threshold": 0.1972280964328801,
    "min_recovery_rest_time_seconds": 16.076721650044412,
    "sprint_speed_boost": 0.3170842440679759,
    "posture_crouch_multiplier": 1.5217370298582777,
    "posture_prone_multiplier": 2.4275375511179607,
    "jump_height_guess": 0.9269558612813429,
    "jump_horizontal_speed_guess": 1.2040137187894302,
    "jump_efficiency": 0.22,
    "climb_iso_efficiency": 0.12,
    "slope_uphill_coeff": 0.08,
    "slope_downhill_coeff": 0.03,
    "swimming_base_power": 21.2584666605061,
    "swimming_encumbrance_threshold": 24.091437879176222,
    "swimming_static_drain_multiplier": 2.754021149095563,
    "swimming_dynamic_power_efficiency": 2.3597287835022325,
    "swimming_energy_to_stamina_coeff": 5.4003765185881066e-05,
    "env_heat_stress_max_multiplier": 1.4190959637876548,
    "env_rain_weight_max": 4.0,
    "env_wind_resistance_coeff": 0.03364264728328724,
    "env_mud_penalty_max": 0.3947839521822384,
    "env_temperature_heat_penalty_coeff": 0.01693700292785702,
    "env_temperature_cold_recovery_penalty_coeff": 0.04416767358017651
  }
}