{
  "energy_to_stamina_coeff": 1.4919032776393118e-07,
  "base_recovery_rate": 0.00010131228915602011,
  "standing_recovery_multiplier": 0.7573692646644503,
  "crouching_recovery_multiplier": 1.8564152475074183,
  "prone_recovery_multiplier": 2.162501286240867,
  "fast_recovery_multiplier": 1.4235722877707795,
  "medium_recovery_multiplier": 0.981903744366977,
  "slow_recovery_multiplier": 0.44325968052068776,
  "encumbrance_speed_penalty_coeff": 0.1800428263052857,
  "encumbrance_stamina_drain_coeff": 2.881260531085687,
  "load_recovery_penalty_coeff": 0.00012149472109949035,
  "posture_crouch_multiplier": 2.9239079839681934,
  "posture_prone_multiplier": 4.0484658685926815,
  "sprint_speed_boost": 0.19881576225586733,
  "recovery_nonlinear_coeff": 0.4477796275807342,
  "max_recovery_per_tick": 0.00041578866585820234,
  "willpower_threshold": 0.3582293048803262,
  "sprint_enable_threshold": 0.24007973201750984,
  "critical_power_watts": 366.6762796495928,
  "w_prime_max_joules": 20205.822802540995,
  "w_prime_recovery_w_per_s": 11.815141219032595,
  "sprint_power_cap_watts": 1495.3572073177568,
  "v5_walk_speed_ms": 1.4,
  "v5_run_speed_ms": 2.8,
  "v5_sprint_speed_ms": 4.0,
  "_metrics_v6": {
    "sustain_ease": 0.32269726416350564,
    "mobility_ease": 0.049647327789024205,
    "combat_ease": 0.6985954268199124,
    "recovery_ease": 0.0017636650515141115,
    "param_drift": 1.5666454385536324
  },
  "_philosophy": "高 combat_ease + 高 recovery_ease → 战斗最宽容"
}