{
  "version": "3.0.0",
  "description": "RSS 增强型优化配置（NSGA-II）- StandardMilsim",
  "optimization_method": "NSGA-II (Super Pipeline)",
  "objectives": {
    "playability_burden": 29.0,
    "stability_risk": 11.448947431699157
  },
  "parameters": {
    "energy_to_stamina_coeff": 1.0564287768711973e-06,
    "base_recovery_rate": 0.00011946661656189984,
    "prone_recovery_multiplier": 2.3948002912580932,
    "standing_recovery_multiplier": 1.3891991259642906,
    "load_recovery_penalty_coeff": 1.6294439541500155e-05,
    "load_recovery_penalty_exponent": 1.81401673551993,
    "encumbrance_speed_penalty_coeff": 0.19322323922779377,
    "encumbrance_stamina_drain_coeff": 1.7462981181301651,
    "sprint_stamina_drain_multiplier": 3.0620356759968677,
    "fatigue_accumulation_coeff": 0.00788478627599702,
    "fatigue_max_factor": 2.7931261287603473,
    "aerobic_efficiency_factor": 1.028688693075253,
    "anaerobic_efficiency_factor": 1.1776610786474198,
    "recovery_nonlinear_coeff": 0.17609112731027876,
    "fast_recovery_multiplier": 1.2926814905767336,
    "medium_recovery_multiplier": 1.067080990912592,
    "slow_recovery_multiplier": 0.767970844162984,
    "marginal_decay_threshold": 0.877275276924879,
    "marginal_decay_coeff": 1.1041686824033727,
    "min_recovery_stamina_threshold": 0.21464017366657995,
    "min_recovery_rest_time_seconds": 3.1814514085345666,
    "sprint_speed_boost": 0.28358444444332304,
    "posture_crouch_multiplier": 1.9455030853527728,
    "posture_prone_multiplier": 3.1590644566709964,
    "jump_stamina_base_cost": 0.037954181495804595,
    "vault_stamina_start_cost": 0.020026398049755353,
    "climb_stamina_tick_cost": 0.009967245289289824,
    "jump_consecutive_penalty": 0.4343578218955534,
    "slope_uphill_coeff": 0.07114854860564596,
    "slope_downhill_coeff": 0.023177053838879115,
    "swimming_base_power": 16.956662956253425,
    "swimming_encumbrance_threshold": 29.72977380420305,
    "swimming_static_drain_multiplier": 2.6531134457721985,
    "swimming_dynamic_power_efficiency": 1.7692704243052075,
    "swimming_energy_to_stamina_coeff": 5.18117931547717e-05,
    "env_heat_stress_max_multiplier": 1.4440714304946567,
    "env_rain_weight_max": 6.615896518975316,
    "env_wind_resistance_coeff": 0.0617486970314085,
    "env_mud_penalty_max": 0.457040573582565,
    "env_temperature_heat_penalty_coeff": 0.01737317704203891,
    "env_temperature_cold_recovery_penalty_coeff": 0.04577332605350921
  }
}