{
  "version": "3.0.0",
  "description": "RSS 增强型优化配置（NSGA-II）- StandardMilsim",
  "optimization_method": "NSGA-II (Super Pipeline)",
  "objectives": {
    "playability_burden": 509.6552096365982,
    "stability_risk": 10161.380444967937,
    "physiological_realism": 3316.0519546081005
  },
  "parameters": {
    "energy_to_stamina_coeff": 6.717773204861712e-05,
    "base_recovery_rate": 0.0007959452003064964,
    "prone_recovery_multiplier": 2.567584208619073,
    "standing_recovery_multiplier": 2.4717155976877327,
    "load_recovery_penalty_coeff": 0.00013218116957614047,
    "load_recovery_penalty_exponent": 2.0597512510364124,
    "encumbrance_speed_penalty_coeff": 0.22298060291338723,
    "encumbrance_stamina_drain_coeff": 1.5122731224545432,
    "sprint_stamina_drain_multiplier": 3.28117434859544,
    "fatigue_accumulation_coeff": 0.015249204685490467,
    "fatigue_max_factor": 2.9717667551434417,
    "aerobic_efficiency_factor": 1.0027512309146436,
    "anaerobic_efficiency_factor": 1.1681284834500991,
    "recovery_nonlinear_coeff": 0.6112100972578612,
    "fast_recovery_multiplier": 2.954961274256177,
    "medium_recovery_multiplier": 1.7760813626432683,
    "slow_recovery_multiplier": 0.6564378916164416,
    "marginal_decay_threshold": 0.8954615815983007,
    "marginal_decay_coeff": 1.1191505545813594,
    "min_recovery_stamina_threshold": 0.1661671436236962,
    "min_recovery_rest_time_seconds": 2.90760042587188,
    "sprint_speed_boost": 0.3218331175372004,
    "posture_crouch_multiplier": 1.8468287263037373,
    "posture_prone_multiplier": 2.2516792834382082,
    "jump_stamina_base_cost": 0.038332009580932386,
    "vault_stamina_start_cost": 0.01662699743808566,
    "climb_stamina_tick_cost": 0.010260341249811025,
    "jump_consecutive_penalty": 0.487971127942767,
    "slope_uphill_coeff": 0.07995582658143768,
    "slope_downhill_coeff": 0.02024206233552215,
    "swimming_base_power": 23.833497010221038,
    "swimming_encumbrance_threshold": 23.11703321492812,
    "swimming_static_drain_multiplier": 2.9957170100782755,
    "swimming_dynamic_power_efficiency": 1.7286767796036089,
    "swimming_energy_to_stamina_coeff": 5.2687273777433747e-05,
    "env_heat_stress_max_multiplier": 1.2888303482773282,
    "env_rain_weight_max": 7.286679958638194,
    "env_wind_resistance_coeff": 0.06392168358405936,
    "env_mud_penalty_max": 0.3626501480977644,
    "env_temperature_heat_penalty_coeff": 0.015953992773132107,
    "env_temperature_cold_recovery_penalty_coeff": 0.057622102967131314
  }
}