{
  "version": "3.0.0",
  "description": "RSS 增强型优化配置（NSGA-II）- EliteStandard",
  "optimization_method": "NSGA-II (Super Pipeline)",
  "objectives": {
    "playability_burden": 4.860717638228512,
    "stability_risk": 274.5577983126231
  },
  "parameters": {
    "energy_to_stamina_coeff": 1.27741013641797e-06,
    "base_recovery_rate": 0.0003108125002499993,
    "prone_recovery_multiplier": 3.197984090475834,
    "standing_recovery_multiplier": 1.429191802429196,
    "load_recovery_penalty_coeff": 3.347311084093254e-05,
    "load_recovery_penalty_exponent": 1.7263364677787856,
    "encumbrance_speed_penalty_coeff": 0.14502523692502323,
    "encumbrance_speed_penalty_max": 0.5774480581509926,
    "encumbrance_stamina_drain_coeff": 1.158451587327611,
    "fatigue_accumulation_coeff": 0.006658782832286013,
    "fatigue_max_factor": 2.8641393530311836,
    "recovery_nonlinear_coeff": 0.3218727685127952,
    "slow_recovery_multiplier": 0.7396976265600037,
    "medium_recovery_multiplier": 0.8864154549070317,
    "fast_recovery_multiplier": 1.8125922514031318,
    "marginal_decay_threshold": 0.7691169585768245,
    "marginal_decay_coeff": 1.1171574063310203,
    "min_recovery_stamina_threshold": 0.1819330807161891,
    "min_recovery_rest_time_seconds": 5.827276016386143,
    "sprint_speed_boost": 0.29217072612378114,
    "posture_crouch_multiplier": 1.629582676184663,
    "posture_prone_multiplier": 2.1408379839486553,
    "jump_height_guess": 0.44260719209879335,
    "jump_horizontal_speed_guess": 1.1534354110100316,
    "swimming_base_power": 19.1203364395046,
    "swimming_encumbrance_threshold": 24.05179244667925,
    "swimming_static_drain_multiplier": 3.466606336659486,
    "swimming_dynamic_power_efficiency": 1.9467018379442003,
    "swimming_energy_to_stamina_coeff": 5.85531626506479e-05,
    "env_heat_stress_max_multiplier": 1.319625239286672,
    "env_rain_weight_max": 7.602505039616693,
    "env_wind_resistance_coeff": 0.04585133424269849,
    "env_mud_penalty_max": 0.4092157664629289,
    "env_temperature_heat_penalty_coeff": 0.020842472908539522,
    "env_temperature_cold_recovery_penalty_coeff": 0.044962500580845374,
    "load_metabolic_dampening": 0.7777544876459915,
    "max_recovery_per_tick": 0.000398610381870717,
    "slope_uphill_coeff": 0.08,
    "slope_downhill_coeff": 0.03
  }
}