{
  "energy_to_stamina_coeff": 1.4815053616344395e-07,
  "base_recovery_rate": 9.92183608960454e-05,
  "standing_recovery_multiplier": 0.829052812751814,
  "crouching_recovery_multiplier": 1.3943393354080702,
  "prone_recovery_multiplier": 2.039545892218541,
  "fast_recovery_multiplier": 1.4082111747733346,
  "medium_recovery_multiplier": 0.8842335347017138,
  "slow_recovery_multiplier": 0.41792859413730477,
  "encumbrance_speed_penalty_coeff": 0.21607823044084976,
  "encumbrance_stamina_drain_coeff": 2.5977228091871685,
  "load_recovery_penalty_coeff": 0.00018907689995731631,
  "posture_crouch_multiplier": 3.1379467793680664,
  "posture_prone_multiplier": 3.327343373425811,
  "sprint_speed_boost": 0.18142802688942816,
  "recovery_nonlinear_coeff": 0.405034509357283,
  "max_recovery_per_tick": 0.0002727582793532323,
  "willpower_threshold": 0.3786647666656783,
  "sprint_enable_threshold": 0.22693752617264004,
  "_metrics": {
    "combat_ease": 0.6968027456385884,
    "recovery_ease": 0.0013407774169463497,
    "parameter_realism": 1.793085473053938
  },
  "_philosophy": "战斗/恢复折中 → 拟真与可玩性平衡"
}