{
  "version": "3.0.0",
  "description": "RSS 多目标优化配置（Optuna 贝叶斯优化）",
  "optimization_method": "Optuna (TPE)",
  "parameters": {
    "energy_to_stamina_coeff": 2.0464906798169874e-05,
    "base_recovery_rate": 0.0001069055429053833,
    "standing_recovery_multiplier": 1.3820431712632448,
    "prone_recovery_multiplier": 2.0991657300904523,
    "load_recovery_penalty_coeff": 0.00016303616607154028,
    "load_recovery_penalty_exponent": 1.9494165764465605,
    "encumbrance_speed_penalty_coeff": 0.2427759767972944,
    "encumbrance_stamina_drain_coeff": 1.1023588812540666,
    "sprint_stamina_drain_multiplier": 3.673653632333798,
    "fatigue_accumulation_coeff": 0.014215327849136938,
    "fatigue_max_factor": 2.226940541399639,
    "aerobic_efficiency_factor": 0.8231644366134174,
    "anaerobic_efficiency_factor": 1.0874215024421445,
    "recovery_nonlinear_coeff": 0.3218674854240361,
    "fast_recovery_multiplier": 2.884771278429738,
    "medium_recovery_multiplier": 1.9626375871198156,
    "slow_recovery_multiplier": 0.7666932895407512,
    "marginal_decay_threshold": 0.8870962391228435,
    "marginal_decay_coeff": 1.1483673260637122,
    "min_recovery_stamina_threshold": 0.17084696885621078,
    "min_recovery_rest_time_seconds": 4.850975371951423,
    "sprint_speed_boost": 0.3284438209829014,
    "posture_crouch_multiplier": 1.653614057703626,
    "posture_prone_multiplier": 2.9808734794935674,
    "jump_stamina_base_cost": 0.038499100827704434,
    "vault_stamina_start_cost": 0.016677970384365207,
    "climb_stamina_tick_cost": 0.01045720198325678,
    "jump_consecutive_penalty": 0.4500979591184329,
    "slope_uphill_coeff": 0.08658156824895609,
    "slope_downhill_coeff": 0.020601195711535267,
    "swimming_base_power": 29.702227288869825,
    "swimming_encumbrance_threshold": 26.14130185163606,
    "swimming_static_drain_multiplier": 3.057099559001775,
    "swimming_dynamic_power_efficiency": 1.6509244540195007,
    "swimming_energy_to_stamina_coeff": 4.880021784369048e-05,
    "env_heat_stress_max_multiplier": 1.2053100333149738,
    "env_rain_weight_max": 9.511593318588186,
    "env_wind_resistance_coeff": 0.050833255305106136,
    "env_mud_penalty_max": 0.377931350210613,
    "env_temperature_heat_penalty_coeff": 0.017484797357509338,
    "env_temperature_cold_recovery_penalty_coeff": 0.052893010457219905
  }
}