{
  "version": "3.0.0",
  "description": "RSS 多目标优化配置（Optuna 贝叶斯优化）",
  "optimization_method": "Optuna (TPE)",
  "parameters": {
    "energy_to_stamina_coeff": 3.0485905812701996e-05,
    "base_recovery_rate": 0.0001035024724326482,
    "standing_recovery_multiplier": 1.9649959188147554,
    "prone_recovery_multiplier": 2.150009066040492,
    "load_recovery_penalty_coeff": 0.0002486823675383674,
    "load_recovery_penalty_exponent": 1.8122063206259973,
    "encumbrance_speed_penalty_coeff": 0.27206704889796424,
    "encumbrance_stamina_drain_coeff": 1.479378186311381,
    "sprint_stamina_drain_multiplier": 2.8602548517097612,
    "fatigue_accumulation_coeff": 0.00590757243487707,
    "fatigue_max_factor": 1.8924088603422666,
    "aerobic_efficiency_factor": 0.8974103023996949,
    "anaerobic_efficiency_factor": 1.0272172110874822,
    "recovery_nonlinear_coeff": 0.3848423910256044,
    "fast_recovery_multiplier": 2.544948804066613,
    "medium_recovery_multiplier": 1.8399051110944733,
    "slow_recovery_multiplier": 0.8906076436180145,
    "marginal_decay_threshold": 0.8881422114887795,
    "marginal_decay_coeff": 1.1496687656475861,
    "min_recovery_stamina_threshold": 0.22551069568790927,
    "min_recovery_rest_time_seconds": 6.774595134710527,
    "sprint_speed_boost": 0.33747320872969216,
    "posture_crouch_multiplier": 1.8284626225884715,
    "posture_prone_multiplier": 2.5946728797709393,
    "jump_stamina_base_cost": 0.039713692392591496,
    "vault_stamina_start_cost": 0.01901013208633875,
    "climb_stamina_tick_cost": 0.010238663093958546,
    "jump_consecutive_penalty": 0.4065839216444706,
    "slope_uphill_coeff": 0.07388595182855867,
    "slope_downhill_coeff": 0.03182229961805084,
    "swimming_base_power": 24.64447321058908,
    "swimming_encumbrance_threshold": 28.24418957601886,
    "swimming_static_drain_multiplier": 3.0767111437156265,
    "swimming_dynamic_power_efficiency": 1.6326064140245342,
    "swimming_energy_to_stamina_coeff": 5.3233811895595937e-05,
    "env_heat_stress_max_multiplier": 1.266621304748889,
    "env_rain_weight_max": 9.658448008586772,
    "env_wind_resistance_coeff": 0.050658857118905665,
    "env_mud_penalty_max": 0.35058582130101,
    "env_temperature_heat_penalty_coeff": 0.01905674428302776,
    "env_temperature_cold_recovery_penalty_coeff": 0.042158010041121276
  }
}