{
  "version": "3.0.0",
  "description": "RSS 增强型优化配置（NSGA-II）- TacticalAction",
  "optimization_method": "NSGA-II (Super Pipeline)",
  "objectives": {
    "realism_loss": 1.1216544472140548e-13,
    "playability_burden": 0.0,
    "stability_risk": 0.0
  },
  "parameters": {
    "energy_to_stamina_coeff": 4.75837410379372e-05,
    "base_recovery_rate": 0.00016831854563675467,
    "prone_recovery_multiplier": 1.9537664313685272,
    "standing_recovery_multiplier": 1.598592756464494,
    "load_recovery_penalty_coeff": 0.0003953882989136331,
    "load_recovery_penalty_exponent": 2.405570342964084,
    "encumbrance_speed_penalty_coeff": 0.11595611806879627,
    "encumbrance_stamina_drain_coeff": 1.8081632891632418,
    "sprint_stamina_drain_multiplier": 2.2493202859494774,
    "fatigue_accumulation_coeff": 0.0067846960593067815,
    "fatigue_max_factor": 2.0562754370894005,
    "aerobic_efficiency_factor": 0.9349781355607083,
    "anaerobic_efficiency_factor": 1.0639750960874752,
    "recovery_nonlinear_coeff": 0.3464318896721208,
    "fast_recovery_multiplier": 3.329660117216477,
    "medium_recovery_multiplier": 1.8636626751189667,
    "slow_recovery_multiplier": 0.9107385061651105,
    "marginal_decay_threshold": 0.8028017540750485,
    "marginal_decay_coeff": 1.1484796009217069,
    "min_recovery_stamina_threshold": 0.15311259622664422,
    "min_recovery_rest_time_seconds": 4.7989942088099955,
    "sprint_speed_boost": 0.2897602237956671,
    "posture_crouch_multiplier": 0.9062279147718157,
    "posture_prone_multiplier": 0.21706686789908392,
    "jump_stamina_base_cost": 0.04479184881630224,
    "vault_stamina_start_cost": 0.017003033882739,
    "climb_stamina_tick_cost": 0.008636025441278597,
    "jump_consecutive_penalty": 0.5679869021334669,
    "slope_uphill_coeff": 0.08160205891340765,
    "slope_downhill_coeff": 0.0361471962289828,
    "swimming_base_power": 24.89692906973451,
    "swimming_encumbrance_threshold": 20.386739186446036,
    "swimming_static_drain_multiplier": 2.898685768777863,
    "swimming_dynamic_power_efficiency": 1.527413820255201,
    "swimming_energy_to_stamina_coeff": 5.162633715374693e-05,
    "env_heat_stress_max_multiplier": 1.477597390557185,
    "env_rain_weight_max": 6.389957994552184,
    "env_wind_resistance_coeff": 0.05858787669375914,
    "env_mud_penalty_max": 0.49942615297983145,
    "env_temperature_heat_penalty_coeff": 0.02038094813149822,
    "env_temperature_cold_recovery_penalty_coeff": 0.04099527524988551
  }
}