{
  "version": "3.0.0",
  "description": "RSS 增强型优化配置（NSGA-II）- TacticalAction",
  "optimization_method": "NSGA-II (Super Pipeline)",
  "objectives": {
    "playability_burden": 4.1475264255058795,
    "stability_risk": 323.40290907524417
  },
  "parameters": {
    "energy_to_stamina_coeff": 1.4321723499361279e-06,
    "base_recovery_rate": 0.0001520525197359312,
    "prone_recovery_multiplier": 2.386514682718669,
    "standing_recovery_multiplier": 1.7428357076591174,
    "load_recovery_penalty_coeff": 6.423425259527149e-05,
    "load_recovery_penalty_exponent": 1.9383297785765186,
    "encumbrance_speed_penalty_coeff": 0.10514746529572219,
    "encumbrance_speed_penalty_max": 0.4982429160143869,
    "encumbrance_stamina_drain_coeff": 1.1552517899154016,
    "fatigue_accumulation_coeff": 0.008244201975004228,
    "fatigue_max_factor": 2.6622145812633806,
    "recovery_nonlinear_coeff": 0.36603739950006453,
    "slow_recovery_multiplier": 0.508148390436096,
    "medium_recovery_multiplier": 1.6666197087817558,
    "fast_recovery_multiplier": 4.174830431140693,
    "marginal_decay_threshold": 0.8027809425099346,
    "marginal_decay_coeff": 1.1081108521698506,
    "min_recovery_stamina_threshold": 0.1662936438969046,
    "min_recovery_rest_time_seconds": 9.41291889357914,
    "sprint_speed_boost": 0.29646191673872285,
    "posture_crouch_multiplier": 1.7153709874406475,
    "posture_prone_multiplier": 2.7425161767165136,
    "jump_height_guess": 0.6652493367004202,
    "jump_horizontal_speed_guess": 0.28814646780202896,
    "swimming_base_power": 17.660877358689497,
    "swimming_encumbrance_threshold": 23.840150297271844,
    "swimming_static_drain_multiplier": 3.1232589756927993,
    "swimming_dynamic_power_efficiency": 1.9400331530040054,
    "swimming_energy_to_stamina_coeff": 4.78488968835385e-05,
    "env_heat_stress_max_multiplier": 1.425891440159598,
    "env_rain_weight_max": 6.9673399798178615,
    "env_wind_resistance_coeff": 0.033156130903383284,
    "env_mud_penalty_max": 0.3048828629644444,
    "env_temperature_heat_penalty_coeff": 0.01751259163467127,
    "env_temperature_cold_recovery_penalty_coeff": 0.04183184068288937,
    "load_metabolic_dampening": 0.6177192234822684,
    "max_recovery_per_tick": 0.0005091734161439022,
    "slope_uphill_coeff": 0.08,
    "slope_downhill_coeff": 0.03
  }
}