{
  "energy_to_stamina_coeff": 1.386455163779117e-07,
  "base_recovery_rate": 9.162442443378632e-05,
  "standing_recovery_multiplier": 0.7423485735612504,
  "crouching_recovery_multiplier": 1.819398628523687,
  "prone_recovery_multiplier": 2.0363541770620674,
  "fast_recovery_multiplier": 1.48927074489227,
  "medium_recovery_multiplier": 0.9441305212507949,
  "slow_recovery_multiplier": 0.3126350150409171,
  "encumbrance_speed_penalty_coeff": 0.24028221276597928,
  "encumbrance_stamina_drain_coeff": 2.8808362894670116,
  "load_recovery_penalty_coeff": 0.00018086838546266723,
  "posture_crouch_multiplier": 2.6823673092175495,
  "posture_prone_multiplier": 3.2016604930536623,
  "sprint_speed_boost": 0.20821059994424765,
  "recovery_nonlinear_coeff": 0.2870510503378082,
  "max_recovery_per_tick": 0.00025425656815227627,
  "willpower_threshold": 0.39436466144790644,
  "sprint_enable_threshold": 0.27164378173147763,
  "_metrics": {
    "combat_ease": 0.6976477423445586,
    "recovery_ease": 0.0012498299428245236,
    "parameter_realism": 2.407148922125118
  },
  "_philosophy": "战斗/恢复折中 → 拟真与可玩性平衡"
}