{
  "version": "3.0.0",
  "description": "RSS 增强型优化配置（NSGA-II）- EliteStandard",
  "optimization_method": "NSGA-II (Super Pipeline)",
  "objectives": {
    "playability_burden": 45.5,
    "stability_risk": 0.0
  },
  "parameters": {
    "energy_to_stamina_coeff": 8.5e-07,
    "base_recovery_rate": 6.8e-05,
    "prone_recovery_multiplier": 2.3288340523367443,
    "standing_recovery_multiplier": 1.68169533922068,
    "load_recovery_penalty_coeff": 6.2911929968536775e-06,
    "load_recovery_penalty_exponent": 1.7768313694482885,
    "encumbrance_speed_penalty_coeff": 0.14457002943918784,
    "encumbrance_stamina_drain_coeff": 0.847268195467624,
    "sprint_stamina_drain_multiplier": 3.0,
    "fatigue_accumulation_coeff": 0.014932840436346155,
    "fatigue_max_factor": 1.6788752515221999,
    "aerobic_efficiency_factor": 1.034806898486051,
    "anaerobic_efficiency_factor": 1.1310689653091355,
    "recovery_nonlinear_coeff": 0.3360013439666332,
    "fast_recovery_multiplier": 1.212141255380706,
    "medium_recovery_multiplier": 0.9324280438535509,
    "slow_recovery_multiplier": 0.6172251043127279,
    "marginal_decay_threshold": 0.8481618729465489,
    "marginal_decay_coeff": 1.1101471100881206,
    "min_recovery_stamina_threshold": 0.21716429214549451,
    "min_recovery_rest_time_seconds": 2.55665846605392,
    "sprint_speed_boost": 0.31414694372653196,
    "posture_crouch_multiplier": 2.1898674840378938,
    "posture_prone_multiplier": 2.66366887984952,
    "jump_stamina_base_cost": 0.033357123730442625,
    "vault_stamina_start_cost": 0.017918231875739675,
    "climb_stamina_tick_cost": 0.0110604460417594,
    "jump_consecutive_penalty": 0.5528025251331441,
    "slope_uphill_coeff": 0.07169781843989584,
    "slope_downhill_coeff": 0.02162780633265966,
    "swimming_base_power": 15.11432676672204,
    "swimming_encumbrance_threshold": 24.274505332424855,
    "swimming_static_drain_multiplier": 2.910337594335771,
    "swimming_dynamic_power_efficiency": 2.488389878639863,
    "swimming_energy_to_stamina_coeff": 4.93960415139536e-05,
    "env_heat_stress_max_multiplier": 1.3025673478301683,
    "env_rain_weight_max": 9.56491776412587,
    "env_wind_resistance_coeff": 0.04964271798614314,
    "env_mud_penalty_max": 0.41983512704211556,
    "env_temperature_heat_penalty_coeff": 0.015956687104282125,
    "env_temperature_cold_recovery_penalty_coeff": 0.04765832814659548
  }
}