{
  "version": "2.18.0",
  "description": "RSS 多目标优化配置（NSGA-II）",
  "optimization_method": "NSGA-II",
  "parameters": {
    "energy_to_stamina_coeff": 4.888818175194515e-05,
    "base_recovery_rate": 0.00036432101042182304,
    "standing_recovery_multiplier": 1.2807576091232498,
    "prone_recovery_multiplier": 2.777870213621262,
    "load_recovery_penalty_coeff": 0.0004938895419488544,
    "load_recovery_penalty_exponent": 2.0014795370593212,
    "encumbrance_speed_penalty_coeff": 0.1737142509491631,
    "encumbrance_stamina_drain_coeff": 1.6180282978397558,
    "sprint_stamina_drain_multiplier": 3.21272889819821,
    "fatigue_accumulation_coeff": 0.005000000000000409,
    "fatigue_max_factor": 2.3811307060237374,
    "aerobic_efficiency_factor": 0.8672856951692021,
    "anaerobic_efficiency_factor": 1.0690351125780262
  }
}