{
  "energy_to_stamina_coeff": 1.6372614753792225e-07,
  "base_recovery_rate": 0.00011623115581289253,
  "standing_recovery_multiplier": 0.859685030191945,
  "crouching_recovery_multiplier": 1.8731680511939905,
  "prone_recovery_multiplier": 1.617525874448799,
  "fast_recovery_multiplier": 1.3091525487127307,
  "medium_recovery_multiplier": 0.8300050815284541,
  "slow_recovery_multiplier": 0.3658207404166996,
  "encumbrance_speed_penalty_coeff": 0.2682670771955744,
  "encumbrance_stamina_drain_coeff": 2.5617575231405687,
  "load_recovery_penalty_coeff": 0.0001814544420979576,
  "posture_crouch_multiplier": 2.6738698823121316,
  "posture_prone_multiplier": 3.4213771051262545,
  "sprint_speed_boost": 0.21937938796700995,
  "recovery_nonlinear_coeff": 0.28720791583560873,
  "max_recovery_per_tick": 0.0003705489643943735,
  "willpower_threshold": 0.2931830650696796,
  "sprint_enable_threshold": 0.2981364423011251,
  "critical_power_watts": 375.7708626073544,
  "w_prime_max_joules": 16393.700634598787,
  "w_prime_recovery_w_per_s": 13.361339097738242,
  "sprint_power_cap_watts": 1545.2847010051746,
  "v5_walk_speed_ms": 1.4,
  "v5_run_speed_ms": 2.8,
  "v5_sprint_speed_ms": 4.0,
  "_metrics_v6": {
    "sustain_ease": 0.3047993005209455,
    "mobility_ease": 0.008511747226834161,
    "combat_ease": 0.6898072814763907,
    "recovery_ease": 0.0016515130389919822,
    "param_drift": 6.522877567026761
  },
  "_philosophy": "低 combat_ease + 低 recovery_ease → 最拟真/最硬核"
}