{
  "energy_to_stamina_coeff": 1.4593284710755133e-07,
  "base_recovery_rate": 0.00010030387909203436,
  "standing_recovery_multiplier": 0.796412019414914,
  "crouching_recovery_multiplier": 1.716711323922316,
  "prone_recovery_multiplier": 1.7312129261791298,
  "fast_recovery_multiplier": 1.5770927224406137,
  "medium_recovery_multiplier": 1.1499453503976915,
  "slow_recovery_multiplier": 0.3486963569246246,
  "encumbrance_speed_penalty_coeff": 0.37844351517688724,
  "encumbrance_stamina_drain_coeff": 2.5925609910032934,
  "load_recovery_penalty_coeff": 0.0001299520163733191,
  "posture_crouch_multiplier": 2.8202803317519862,
  "posture_prone_multiplier": 3.4394280293057373,
  "sprint_speed_boost": 0.2013269405716817,
  "recovery_nonlinear_coeff": 0.332535980851909,
  "max_recovery_per_tick": 0.00020034202337190746,
  "willpower_threshold": 0.3374882939231991,
  "sprint_enable_threshold": 0.25260579413441897,
  "critical_power_watts": 416.1787042448379,
  "w_prime_max_joules": 19466.600112989196,
  "w_prime_recovery_w_per_s": 12.229550264435996,
  "sprint_power_cap_watts": 1480.8389364187096,
  "v5_walk_speed_ms": 1.4,
  "v5_run_speed_ms": 2.8,
  "v5_sprint_speed_ms": 4.0,
  "_metrics_v6": {
    "sustain_ease": 0.3223829895624231,
    "mobility_ease": 0.0044688448891712345,
    "combat_ease": 0.6972732514436656,
    "recovery_ease": 0.0009848062586371247,
    "param_drift": 1.4373782257753642
  },
  "_philosophy": "低 combat_ease + 低 recovery_ease → 最拟真/最硬核"
}