{
  "version": "3.0.0",
  "description": "RSS 增强型优化配置（NSGA-II）- TacticalAction",
  "optimization_method": "NSGA-II (Super Pipeline)",
  "objectives": {
    "playability_burden": 3.0470352866544683,
    "stability_risk": 1236.1074819544444
  },
  "parameters": {
    "energy_to_stamina_coeff": 9.709292556957296e-07,
    "base_recovery_rate": 0.00020766641762952703,
    "prone_recovery_multiplier": 3.447871148208855,
    "standing_recovery_multiplier": 1.7339743933060234,
    "load_recovery_penalty_coeff": 4.198521253690398e-05,
    "load_recovery_penalty_exponent": 1.6099814928144716,
    "encumbrance_speed_penalty_coeff": 0.13362840893041011,
    "encumbrance_speed_penalty_max": 0.6744087230563643,
    "encumbrance_stamina_drain_coeff": 1.3395528570934947,
    "fatigue_accumulation_coeff": 0.007791114768009079,
    "fatigue_max_factor": 2.793570576786411,
    "recovery_nonlinear_coeff": 0.20863773946957864,
    "slow_recovery_multiplier": 0.6632710272831253,
    "medium_recovery_multiplier": 1.9431329277353195,
    "fast_recovery_multiplier": 3.5459375583501163,
    "marginal_decay_threshold": 0.8633936900949752,
    "marginal_decay_coeff": 1.1153560725545193,
    "min_recovery_stamina_threshold": 0.23393708635378904,
    "min_recovery_rest_time_seconds": 23.88975759690487,
    "sprint_speed_boost": 0.29910452092729156,
    "posture_crouch_multiplier": 1.5848305406283594,
    "posture_prone_multiplier": 2.3871926002660318,
    "jump_height_guess": 0.7913036987769511,
    "jump_horizontal_speed_guess": 0.34078687977332417,
    "swimming_base_power": 15.041014504301671,
    "swimming_encumbrance_threshold": 23.429351158367055,
    "swimming_static_drain_multiplier": 3.4688593354677884,
    "swimming_dynamic_power_efficiency": 2.194967460605847,
    "swimming_energy_to_stamina_coeff": 4.802650887882448e-05,
    "env_heat_stress_max_multiplier": 1.2770304389387361,
    "env_rain_weight_max": 7.424358695018988,
    "env_wind_resistance_coeff": 0.036793577332049916,
    "env_mud_penalty_max": 0.32126116426259027,
    "env_temperature_heat_penalty_coeff": 0.02406742372572554,
    "env_temperature_cold_recovery_penalty_coeff": 0.05995300676750947,
    "load_metabolic_dampening": 0.5574400538585266,
    "max_recovery_per_tick": 0.0002218090235513119,
    "slope_uphill_coeff": 0.08,
    "slope_downhill_coeff": 0.03
  }
}