{
  "version": "3.0.0",
  "description": "RSS 增强型优化配置（NSGA-II）- TacticalAction",
  "optimization_method": "NSGA-II (Super Pipeline)",
  "objectives": {
    "playability_burden": 9.283693338694054,
    "stability_risk": 183.12467518010382
  },
  "parameters": {
    "energy_to_stamina_coeff": 5.08175306587801e-07,
    "base_recovery_rate": 0.00040364088271538714,
    "prone_recovery_multiplier": 3.096118883058273,
    "standing_recovery_multiplier": 1.6005600853785493,
    "load_recovery_penalty_coeff": 1.2653559695854828e-06,
    "load_recovery_penalty_exponent": 1.8071786556507226,
    "encumbrance_speed_penalty_coeff": 0.15857660295829762,
    "encumbrance_speed_penalty_max": 0.42296908439947073,
    "encumbrance_stamina_drain_coeff": 1.550429445860577,
    "fatigue_accumulation_coeff": 0.007419719078595439,
    "fatigue_max_factor": 2.912159412882131,
    "recovery_nonlinear_coeff": 0.4893035944014681,
    "slow_recovery_multiplier": 0.767073293734524,
    "medium_recovery_multiplier": 1.7537079788091252,
    "fast_recovery_multiplier": 1.8403179791005606,
    "marginal_decay_threshold": 0.7130885004650107,
    "marginal_decay_coeff": 1.1025744605118544,
    "min_recovery_stamina_threshold": 0.16296190198449126,
    "min_recovery_rest_time_seconds": 14.22068478314303,
    "sprint_speed_boost": 0.3468241208995127,
    "posture_crouch_multiplier": 1.6473786437772422,
    "posture_prone_multiplier": 2.3911301710525925,
    "jump_height_guess": 0.5689817410476485,
    "jump_horizontal_speed_guess": 0.9447404463723728,
    "swimming_base_power": 16.938449306515587,
    "swimming_encumbrance_threshold": 22.59939290134283,
    "swimming_static_drain_multiplier": 3.3587678513640102,
    "swimming_dynamic_power_efficiency": 2.311336223860338,
    "swimming_energy_to_stamina_coeff": 5.578379377741281e-05,
    "env_heat_stress_max_multiplier": 1.5083678437271586,
    "env_rain_weight_max": 7.837749973846316,
    "env_wind_resistance_coeff": 0.059155630901288336,
    "env_mud_penalty_max": 0.3774409635744236,
    "env_temperature_heat_penalty_coeff": 0.016007095801894803,
    "env_temperature_cold_recovery_penalty_coeff": 0.04786749283297785,
    "load_metabolic_dampening": 0.5555320654797758,
    "max_recovery_per_tick": 0.0003563406722530038,
    "slope_uphill_coeff": 0.08,
    "slope_downhill_coeff": 0.03
  }
}