{
  "version": "3.0.0",
  "description": "RSS 增强型优化配置（NSGA-II）- EliteStandard",
  "optimization_method": "NSGA-II (Super Pipeline)",
  "objectives": {
    "playability_burden": 29.0,
    "stability_risk": 9.595560035908827
  },
  "parameters": {
    "energy_to_stamina_coeff": 9.083362416383761e-07,
    "base_recovery_rate": 0.00010066439495265973,
    "prone_recovery_multiplier": 2.645354815755791,
    "standing_recovery_multiplier": 1.792429201381238,
    "load_recovery_penalty_coeff": 2.839345644050072e-05,
    "load_recovery_penalty_exponent": 1.3931952010279223,
    "encumbrance_speed_penalty_coeff": 0.17087654007935654,
    "encumbrance_speed_penalty_exponent": 2.3220285084946406,
    "encumbrance_speed_penalty_max": 0.44315069897441817,
    "encumbrance_stamina_drain_coeff": 1.4533963509246381,
    "sprint_stamina_drain_multiplier": 3.2093208284726096,
    "fatigue_accumulation_coeff": 0.006747941148235028,
    "fatigue_max_factor": 2.6709475761383357,
    "aerobic_efficiency_factor": 0.9667545561028223,
    "anaerobic_efficiency_factor": 1.480888714279038,
    "recovery_nonlinear_coeff": 0.15848445964137833,
    "slow_recovery_multiplier": 0.57959784126664,
    "medium_recovery_multiplier": 1.000388469824956,
    "fast_recovery_multiplier": 1.0962756397874924,
    "marginal_decay_threshold": 0.8428848328142484,
    "marginal_decay_coeff": 1.125900528252193,
    "min_recovery_stamina_threshold": 0.16025159640664743,
    "min_recovery_rest_time_seconds": 3.055417856827071,
    "sprint_speed_boost": 0.3156223388913739,
    "posture_crouch_multiplier": 1.5692807702155411,
    "posture_prone_multiplier": 3.8859722663684426,
    "slope_uphill_coeff": 0.09683978084386305,
    "slope_downhill_coeff": 0.033891908545065706,
    "swimming_base_power": 22.289810616558164,
    "swimming_encumbrance_threshold": 28.61690903787345,
    "swimming_static_drain_multiplier": 2.7740715893421912,
    "swimming_dynamic_power_efficiency": 2.3070709038667028,
    "swimming_energy_to_stamina_coeff": 4.3904812059129845e-05,
    "env_heat_stress_max_multiplier": 1.3381367808979552,
    "env_rain_weight_max": 7.34244181707937,
    "env_wind_resistance_coeff": 0.06914101873556563,
    "env_mud_penalty_max": 0.47130744474958536,
    "env_temperature_heat_penalty_coeff": 0.0220116986159026,
    "env_temperature_cold_recovery_penalty_coeff": 0.0545411352323078
  }
}