{
  "version": "3.0.0",
  "description": "RSS 增强型优化配置（NSGA-II）- StandardMilsim",
  "optimization_method": "NSGA-II (Super Pipeline)",
  "objectives": {
    "playability_burden": 361.58457606421837,
    "stability_risk": 124.19624716751747
  },
  "parameters": {
    "energy_to_stamina_coeff": 9.764097910152325e-07,
    "base_recovery_rate": 8.638870587584416e-05,
    "prone_recovery_multiplier": 2.559881173860466,
    "standing_recovery_multiplier": 1.6372336528237166,
    "load_recovery_penalty_coeff": 0.00010740519615054227,
    "load_recovery_penalty_exponent": 1.4605091599081788,
    "encumbrance_speed_penalty_coeff": 0.15213104510806985,
    "encumbrance_speed_penalty_max": 0.5347087736757811,
    "encumbrance_stamina_drain_coeff": 0.9308209668864964,
    "fatigue_accumulation_coeff": 0.005547172698130212,
    "fatigue_max_factor": 2.7707361855046617,
    "recovery_nonlinear_coeff": 0.3837520701170676,
    "slow_recovery_multiplier": 0.6394865070853192,
    "medium_recovery_multiplier": 1.6014770199362054,
    "fast_recovery_multiplier": 2.972166254563734,
    "marginal_decay_threshold": 0.728695140826843,
    "marginal_decay_coeff": 1.1007802884798514,
    "min_recovery_stamina_threshold": 0.24067894038860252,
    "min_recovery_rest_time_seconds": 8.188828232404248,
    "sprint_speed_boost": 0.29726595127913447,
    "posture_crouch_multiplier": 1.8448773204888744,
    "posture_prone_multiplier": 2.475087411972421,
    "jump_height_guess": 0.8240100086982618,
    "jump_horizontal_speed_guess": 0.23719896857904688,
    "swimming_base_power": 16.506002734275928,
    "swimming_encumbrance_threshold": 29.416053369059945,
    "swimming_static_drain_multiplier": 3.1209664277671587,
    "swimming_dynamic_power_efficiency": 1.9361265291353167,
    "swimming_energy_to_stamina_coeff": 4.3903876285518516e-05,
    "env_heat_stress_max_multiplier": 1.5388284550764548,
    "env_rain_weight_max": 6.986427054720942,
    "env_wind_resistance_coeff": 0.03625267882835444,
    "env_mud_penalty_max": 0.4478825778795923,
    "env_temperature_heat_penalty_coeff": 0.022810307043339192,
    "env_temperature_cold_recovery_penalty_coeff": 0.04794870544774151,
    "load_metabolic_dampening": 0.7999325454542858,
    "max_recovery_per_tick": 0.00047368363007539466,
    "slope_uphill_coeff": 0.08,
    "slope_downhill_coeff": 0.03
  }
}