{
  "version": "3.0.0",
  "description": "RSS 增强型优化配置（NSGA-II）- EliteStandard",
  "optimization_method": "NSGA-II (Super Pipeline)",
  "objectives": {
    "playability_burden": 908.090991504969,
    "stability_risk": 16259.873931706996,
    "physiological_realism": 3089.241103694483
  },
  "parameters": {
    "energy_to_stamina_coeff": 4.920027644688563e-05,
    "base_recovery_rate": 0.0007817633705687752,
    "prone_recovery_multiplier": 2.928580128598087,
    "standing_recovery_multiplier": 2.1535916997395863,
    "load_recovery_penalty_coeff": 0.000152144042405197,
    "load_recovery_penalty_exponent": 1.539484931747534,
    "encumbrance_speed_penalty_coeff": 0.24047974421611973,
    "encumbrance_stamina_drain_coeff": 0.8413175702879775,
    "sprint_stamina_drain_multiplier": 4.976075702039213,
    "fatigue_accumulation_coeff": 0.023281870830523275,
    "fatigue_max_factor": 2.508089253992603,
    "aerobic_efficiency_factor": 0.9998569540801108,
    "anaerobic_efficiency_factor": 1.3520102751667555,
    "recovery_nonlinear_coeff": 0.6652918745117081,
    "fast_recovery_multiplier": 2.9995685448477385,
    "medium_recovery_multiplier": 1.6977394988570211,
    "slow_recovery_multiplier": 0.5401086963198308,
    "marginal_decay_threshold": 0.7107269583041661,
    "marginal_decay_coeff": 1.080006708290544,
    "min_recovery_stamina_threshold": 0.19754757152327337,
    "min_recovery_rest_time_seconds": 3.1486772864161154,
    "sprint_speed_boost": 0.25777124183917255,
    "posture_crouch_multiplier": 2.0661801174306573,
    "posture_prone_multiplier": 2.7018653154819217,
    "jump_stamina_base_cost": 0.03164345044123465,
    "vault_stamina_start_cost": 0.022008084180017404,
    "climb_stamina_tick_cost": 0.011061265198101546,
    "jump_consecutive_penalty": 0.44070710449636097,
    "slope_uphill_coeff": 0.09732771668196075,
    "slope_downhill_coeff": 0.03595996070438448,
    "swimming_base_power": 16.5575162286553,
    "swimming_encumbrance_threshold": 24.663745945045484,
    "swimming_static_drain_multiplier": 3.380421902873605,
    "swimming_dynamic_power_efficiency": 1.9337237028314211,
    "swimming_energy_to_stamina_coeff": 4.8241872192650786e-05,
    "env_heat_stress_max_multiplier": 1.468405192213164,
    "env_rain_weight_max": 6.142448601091366,
    "env_wind_resistance_coeff": 0.05049042255505042,
    "env_mud_penalty_max": 0.49532352746300184,
    "env_temperature_heat_penalty_coeff": 0.021250915526865286,
    "env_temperature_cold_recovery_penalty_coeff": 0.056036803369056115
  }
}