{
  "version": "3.0.0",
  "description": "RSS 增强型优化配置（NSGA-II）- TacticalAction",
  "optimization_method": "NSGA-II (Super Pipeline)",
  "objectives": {
    "realism_loss": 0.09850121519935634,
    "playability_burden": 10.07894018348746,
    "stability_risk": 0.0
  },
  "parameters": {
    "energy_to_stamina_coeff": 3.0556305616939033e-05,
    "base_recovery_rate": 0.000428215319379759,
    "prone_recovery_multiplier": 2.209874561650347,
    "standing_recovery_multiplier": 1.2723498786557763,
    "load_recovery_penalty_coeff": 0.00027057715982357444,
    "load_recovery_penalty_exponent": 1.2438444653974114,
    "encumbrance_speed_penalty_coeff": 0.10001251543248756,
    "encumbrance_stamina_drain_coeff": 0.8968717254418846,
    "sprint_stamina_drain_multiplier": 2.664851054582166,
    "fatigue_accumulation_coeff": 0.022526397727179483,
    "fatigue_max_factor": 1.9578621117176958,
    "aerobic_efficiency_factor": 0.8999670009438896,
    "anaerobic_efficiency_factor": 1.2119638702520963,
    "recovery_nonlinear_coeff": 0.5602080288325584,
    "fast_recovery_multiplier": 2.8522407599804533,
    "medium_recovery_multiplier": 1.6342554530616367,
    "slow_recovery_multiplier": 0.7502315252701992,
    "marginal_decay_threshold": 0.7075265054070602,
    "marginal_decay_coeff": 1.1329591455279868,
    "min_recovery_stamina_threshold": 0.2367444610316356,
    "min_recovery_rest_time_seconds": 3.254567550999571,
    "sprint_speed_boost": 0.2545563513588399,
    "posture_crouch_multiplier": 0.9628056143153694,
    "posture_prone_multiplier": 0.793465449005085,
    "jump_stamina_base_cost": 0.040702687389445075,
    "vault_stamina_start_cost": 0.02068980680431215,
    "climb_stamina_tick_cost": 0.010548918501648252,
    "jump_consecutive_penalty": 0.5586497143879464,
    "slope_uphill_coeff": 0.07142745303424171,
    "slope_downhill_coeff": 0.03651701507754644,
    "swimming_base_power": 15.366839899174478,
    "swimming_encumbrance_threshold": 20.12518644848012,
    "swimming_static_drain_multiplier": 2.7693004800559473,
    "swimming_dynamic_power_efficiency": 1.6819659020501043,
    "swimming_energy_to_stamina_coeff": 4.053908291051708e-05,
    "env_heat_stress_max_multiplier": 1.520805810480935,
    "env_rain_weight_max": 8.876771989711614,
    "env_wind_resistance_coeff": 0.044324080565228435,
    "env_mud_penalty_max": 0.36847319162984576,
    "env_temperature_heat_penalty_coeff": 0.01901707482543774,
    "env_temperature_cold_recovery_penalty_coeff": 0.05297656052319741
  }
}