{
  "version": "3.0.0",
  "description": "RSS 增强型优化配置（NSGA-II）- TacticalAction",
  "optimization_method": "NSGA-II (Super Pipeline)",
  "objectives": {
    "realism_loss": 0.18342357189390404,
    "playability_burden": 424.0732318615805,
    "stability_risk": 0.0
  },
  "parameters": {
    "energy_to_stamina_coeff": 2.508037099863868e-05,
    "base_recovery_rate": 0.0001952098662735298,
    "standing_recovery_multiplier": 1.705239496158676,
    "prone_recovery_multiplier": 1.5317060076483682,
    "load_recovery_penalty_coeff": 0.0001179831554197825,
    "load_recovery_penalty_exponent": 2.789480975223033,
    "encumbrance_speed_penalty_coeff": 0.29933460063318085,
    "encumbrance_stamina_drain_coeff": 0.8037891252910432,
    "sprint_stamina_drain_multiplier": 3.0382364756931595,
    "fatigue_accumulation_coeff": 0.0052955558979028185,
    "fatigue_max_factor": 2.042299148977927,
    "aerobic_efficiency_factor": 0.8018211516978062,
    "anaerobic_efficiency_factor": 1.0005939239089654,
    "recovery_nonlinear_coeff": 0.6549478776487967,
    "fast_recovery_multiplier": 3.4620359794529394,
    "medium_recovery_multiplier": 1.3215751826959024,
    "slow_recovery_multiplier": 0.6386124889340292,
    "marginal_decay_threshold": 0.8184996487904096,
    "marginal_decay_coeff": 1.1119038557044196,
    "min_recovery_stamina_threshold": 0.2013767855397982,
    "min_recovery_rest_time_seconds": 1.0452453659672063,
    "sprint_speed_boost": 0.25743162713445766,
    "posture_crouch_multiplier": 1.8874431474990305,
    "posture_prone_multiplier": 3.1836234631689813,
    "jump_stamina_base_cost": 0.03715991758604489,
    "vault_stamina_start_cost": 0.016789068501779802,
    "climb_stamina_tick_cost": 0.009634788005734838,
    "jump_consecutive_penalty": 0.5645541242764403,
    "slope_uphill_coeff": 0.09161717971791491,
    "slope_downhill_coeff": 0.030258915610477714,
    "swimming_base_power": 15.338894964840986,
    "swimming_encumbrance_threshold": 27.859882713779108,
    "swimming_static_drain_multiplier": 2.5353809964923806,
    "swimming_dynamic_power_efficiency": 2.088646881901558,
    "swimming_energy_to_stamina_coeff": 5.286322913131498e-05,
    "env_heat_stress_max_multiplier": 1.4252425622945275,
    "env_rain_weight_max": 7.586585983083688,
    "env_wind_resistance_coeff": 0.049820805886148276,
    "env_mud_penalty_max": 0.38182350751336025,
    "env_temperature_heat_penalty_coeff": 0.023114896819276975,
    "env_temperature_cold_recovery_penalty_coeff": 0.043497015097282654
  }
}