{
  "version": "3.0.0",
  "description": "RSS 多目标优化配置（Optuna 贝叶斯优化）",
  "optimization_method": "Optuna (TPE)",
  "parameters": {
    "energy_to_stamina_coeff": 2.8565087565203835e-05,
    "base_recovery_rate": 0.0004353948536606432,
    "standing_recovery_multiplier": 1.6278134737494536,
    "prone_recovery_multiplier": 2.996284105444985,
    "load_recovery_penalty_coeff": 0.0002762049153771846,
    "load_recovery_penalty_exponent": 2.2157152544224683,
    "encumbrance_speed_penalty_coeff": 0.24709439453148113,
    "encumbrance_stamina_drain_coeff": 1.8850397757794013,
    "sprint_stamina_drain_multiplier": 2.864645498384311,
    "fatigue_accumulation_coeff": 0.016409748017055702,
    "fatigue_max_factor": 2.1619530185235396,
    "aerobic_efficiency_factor": 0.9579640711750333,
    "anaerobic_efficiency_factor": 1.3899959856947364,
    "recovery_nonlinear_coeff": 0.5716677547351842,
    "fast_recovery_multiplier": 3.6501663964694218,
    "medium_recovery_multiplier": 1.8433085342602182,
    "slow_recovery_multiplier": 0.6387007734110423,
    "marginal_decay_threshold": 0.8680218561940786,
    "marginal_decay_coeff": 1.0960434820720764,
    "min_recovery_stamina_threshold": 0.1703668977006716,
    "min_recovery_rest_time_seconds": 13.670583542816486,
    "sprint_speed_boost": 0.2879412484027664,
    "posture_crouch_multiplier": 2.0309731969879743,
    "posture_prone_multiplier": 2.5002701353077184,
    "jump_stamina_base_cost": 0.041871400525282196,
    "vault_stamina_start_cost": 0.01646935927331606,
    "climb_stamina_tick_cost": 0.011587336217350737,
    "jump_consecutive_penalty": 0.5493378109045632,
    "slope_uphill_coeff": 0.07310472339893129,
    "slope_downhill_coeff": 0.03808544871232697,
    "swimming_base_power": 22.162963342384067,
    "swimming_encumbrance_threshold": 23.974364175898764,
    "swimming_static_drain_multiplier": 3.486432136717115,
    "swimming_dynamic_power_efficiency": 2.209226391121108,
    "swimming_energy_to_stamina_coeff": 5.528516373532792e-05,
    "env_heat_stress_max_multiplier": 1.2632989669954953,
    "env_rain_weight_max": 7.058413521917189,
    "env_wind_resistance_coeff": 0.05238517263677644,
    "env_mud_penalty_max": 0.4625318937245148,
    "env_temperature_heat_penalty_coeff": 0.02094913037828594,
    "env_temperature_cold_recovery_penalty_coeff": 0.05054895135379026
  }
}