{
  "version": "3.0.0",
  "description": "RSS 增强型优化配置（NSGA-II）- TacticalAction",
  "optimization_method": "NSGA-II (Super Pipeline)",
  "objectives": {
    "playability_burden": 22.335966167255027,
    "stability_risk": 7.47796458492611
  },
  "parameters": {
    "energy_to_stamina_coeff": 6.133955390390166e-07,
    "base_recovery_rate": 6.21846023335239e-05,
    "prone_recovery_multiplier": 2.0401704971660584,
    "standing_recovery_multiplier": 1.7176227738690013,
    "load_recovery_penalty_coeff": 1.3319124043609947e-05,
    "load_recovery_penalty_exponent": 1.488060156269663,
    "encumbrance_speed_penalty_coeff": 0.1025210988383633,
    "encumbrance_stamina_drain_coeff": 1.5304265126351817,
    "sprint_stamina_drain_multiplier": 3.0,
    "fatigue_accumulation_coeff": 0.006572901310922925,
    "fatigue_max_factor": 2.745874987671677,
    "aerobic_efficiency_factor": 1.0303306773425411,
    "anaerobic_efficiency_factor": 1.2421797854321914,
    "recovery_nonlinear_coeff": 0.20631077254563912,
    "fast_recovery_multiplier": 1.2522666930134454,
    "medium_recovery_multiplier": 0.8625360057679525,
    "slow_recovery_multiplier": 0.6189826398003034,
    "marginal_decay_threshold": 0.8870788979335598,
    "marginal_decay_coeff": 1.087000354057503,
    "min_recovery_stamina_threshold": 0.17848003742495508,
    "min_recovery_rest_time_seconds": 1.1758865664858194,
    "sprint_speed_boost": 0.3438228032401034,
    "posture_crouch_multiplier": 1.9509283935167225,
    "posture_prone_multiplier": 2.408669379126296,
    "jump_stamina_base_cost": 0.038358674709114846,
    "vault_stamina_start_cost": 0.019294187868522533,
    "climb_stamina_tick_cost": 0.010858749797739816,
    "jump_consecutive_penalty": 0.5858806967698308,
    "slope_uphill_coeff": 0.07605774197040016,
    "slope_downhill_coeff": 0.03054598266257588,
    "swimming_base_power": 24.00867894401579,
    "swimming_encumbrance_threshold": 24.134971370633718,
    "swimming_static_drain_multiplier": 2.8872231412102067,
    "swimming_dynamic_power_efficiency": 1.8129456173483585,
    "swimming_energy_to_stamina_coeff": 5.148323999219166e-05,
    "env_heat_stress_max_multiplier": 1.4003021098963944,
    "env_rain_weight_max": 8.571109653919711,
    "env_wind_resistance_coeff": 0.04958243624910423,
    "env_mud_penalty_max": 0.3912210799034425,
    "env_temperature_heat_penalty_coeff": 0.01877201782457639,
    "env_temperature_cold_recovery_penalty_coeff": 0.044112589510645624
  }
}