{
  "version": "3.0.0",
  "description": "RSS 增强型优化配置（NSGA-II）- StandardMilsim",
  "optimization_method": "NSGA-II (Super Pipeline)",
  "objectives": {
    "playability_burden": 9.202813121440956,
    "stability_risk": 196.2257956653105
  },
  "parameters": {
    "energy_to_stamina_coeff": 5.421309572687898e-07,
    "base_recovery_rate": 0.0003357210908930341,
    "prone_recovery_multiplier": 3.269607072372665,
    "standing_recovery_multiplier": 2.156907523053112,
    "load_recovery_penalty_coeff": 0.00022309354233490623,
    "load_recovery_penalty_exponent": 1.6740797897227073,
    "encumbrance_speed_penalty_coeff": 0.10264210058889836,
    "encumbrance_speed_penalty_max": 0.6904019968619832,
    "encumbrance_stamina_drain_coeff": 1.534414832455743,
    "fatigue_accumulation_coeff": 0.005745975808925306,
    "fatigue_max_factor": 1.6690367502656231,
    "recovery_nonlinear_coeff": 0.423447100286212,
    "slow_recovery_multiplier": 0.727115250367065,
    "medium_recovery_multiplier": 1.2894991937289917,
    "fast_recovery_multiplier": 1.7359904181101224,
    "marginal_decay_threshold": 0.8021112197562709,
    "marginal_decay_coeff": 1.0837566136218972,
    "min_recovery_stamina_threshold": 0.18517719555513246,
    "min_recovery_rest_time_seconds": 17.89971073680764,
    "sprint_speed_boost": 0.3419925669460653,
    "posture_crouch_multiplier": 1.7792958654278221,
    "posture_prone_multiplier": 2.5500820086637086,
    "jump_height_guess": 0.7619628940648691,
    "jump_horizontal_speed_guess": 0.8267192888353949,
    "swimming_base_power": 18.1075814558313,
    "swimming_encumbrance_threshold": 23.777941849102387,
    "swimming_static_drain_multiplier": 2.815703798490416,
    "swimming_dynamic_power_efficiency": 2.417498096482055,
    "swimming_energy_to_stamina_coeff": 5.653237341020886e-05,
    "env_heat_stress_max_multiplier": 1.4317389491404884,
    "env_rain_weight_max": 9.648973883896803,
    "env_wind_resistance_coeff": 0.06545634772591913,
    "env_mud_penalty_max": 0.48553887995036704,
    "env_temperature_heat_penalty_coeff": 0.017217738576555328,
    "env_temperature_cold_recovery_penalty_coeff": 0.054350060755277894,
    "load_metabolic_dampening": 0.7132285749732257,
    "max_recovery_per_tick": 0.0004935322551338428,
    "slope_uphill_coeff": 0.08,
    "slope_downhill_coeff": 0.03
  }
}