{
  "energy_to_stamina_coeff": 7.599809082077614e-08,
  "base_recovery_rate": 8.516406133078366e-05,
  "standing_recovery_multiplier": 0.7315406101545178,
  "crouching_recovery_multiplier": 1.3298063819496821,
  "prone_recovery_multiplier": 1.6650989881209826,
  "fast_recovery_multiplier": 1.6244748012605943,
  "medium_recovery_multiplier": 0.8085070156091467,
  "slow_recovery_multiplier": 0.289000199699812,
  "encumbrance_speed_penalty_coeff": 0.30683883685360924,
  "encumbrance_stamina_drain_coeff": 2.792418690293249,
  "load_recovery_penalty_coeff": 0.00020196014511673286,
  "posture_crouch_multiplier": 3.3132335590867688,
  "posture_prone_multiplier": 3.817914371908997,
  "sprint_speed_boost": 0.2233832289538899,
  "recovery_nonlinear_coeff": 0.35613699554156897,
  "max_recovery_per_tick": 0.0002001262862557992,
  "willpower_threshold": 0.37783623819185075,
  "sprint_enable_threshold": 0.19152747147808097,
  "critical_power_watts": 740.0,
  "w_prime_max_joules": 16235.553376256164,
  "w_prime_recovery_w_per_s": 8.85635389034267,
  "sprint_power_cap_watts": 2500.0,
  "v5_walk_speed_ms": 1.4,
  "v5_run_speed_ms": 2.8,
  "v5_sprint_speed_ms": 4.5,
  "_metrics_v6": {
    "sustain_ease": 0.3065308052613003,
    "mobility_ease": 0.0013073584666389163,
    "combat_ease": 0.6906527592464784,
    "recovery_ease": 0.0009838051883643648,
    "param_drift": 3.083872211706881
  },
  "_philosophy": "\u4f4e combat_ease + \u4f4e recovery_ease \u2192 \u6700\u62df\u771f/\u6700\u786c\u6838"
}
