{
  "version": "3.0.0",
  "description": "RSS 增强型优化配置（NSGA-II）- StandardMilsim",
  "optimization_method": "NSGA-II (Super Pipeline)",
  "objectives": {
    "playability_burden": 45.5,
    "stability_risk": 0.0
  },
  "parameters": {
    "energy_to_stamina_coeff": 7.8e-07,
    "base_recovery_rate": 7.0e-05,
    "prone_recovery_multiplier": 2.729454855631557,
    "standing_recovery_multiplier": 1.5195653304024253,
    "load_recovery_penalty_coeff": 5.481734251895051e-06,
    "load_recovery_penalty_exponent": 1.3622934900002048,
    "encumbrance_speed_penalty_coeff": 0.19916683739206664,
    "encumbrance_stamina_drain_coeff": 1.6417989217581992,
    "sprint_stamina_drain_multiplier": 3.0,
    "fatigue_accumulation_coeff": 0.005518834020594021,
    "fatigue_max_factor": 2.140342091734954,
    "aerobic_efficiency_factor": 0.9438049879435767,
    "anaerobic_efficiency_factor": 1.4714222131576544,
    "recovery_nonlinear_coeff": 0.27821722071643185,
    "fast_recovery_multiplier": 1.0934958749963948,
    "medium_recovery_multiplier": 0.9813295661126804,
    "slow_recovery_multiplier": 0.519816592346648,
    "marginal_decay_threshold": 0.8945136471299474,
    "marginal_decay_coeff": 1.0860059901930725,
    "min_recovery_stamina_threshold": 0.1977867354913136,
    "min_recovery_rest_time_seconds": 2.4211358969476904,
    "sprint_speed_boost": 0.327775821108134,
    "posture_crouch_multiplier": 1.862232158329593,
    "posture_prone_multiplier": 3.5160479278995305,
    "jump_stamina_base_cost": 0.030362864592238418,
    "vault_stamina_start_cost": 0.01815668481164066,
    "climb_stamina_tick_cost": 0.008501004924384832,
    "jump_consecutive_penalty": 0.5311019943692226,
    "slope_uphill_coeff": 0.0615918850934261,
    "slope_downhill_coeff": 0.031953646710469186,
    "swimming_base_power": 23.69695884851634,
    "swimming_encumbrance_threshold": 28.908321482896334,
    "swimming_static_drain_multiplier": 2.949037760369962,
    "swimming_dynamic_power_efficiency": 1.9593036882130739,
    "swimming_energy_to_stamina_coeff": 4.153938366016035e-05,
    "env_heat_stress_max_multiplier": 1.4683060101772143,
    "env_rain_weight_max": 9.285037681491382,
    "env_wind_resistance_coeff": 0.03978620218418852,
    "env_mud_penalty_max": 0.3842601763266729,
    "env_temperature_heat_penalty_coeff": 0.023388393367652704,
    "env_temperature_cold_recovery_penalty_coeff": 0.057542409353245755
  }
}