{
  "energy_to_stamina_coeff": 6.013381218581678e-07,
  "base_recovery_rate": 0.0002344157090420881,
  "standing_recovery_multiplier": 1.3481905417359095,
  "crouching_recovery_multiplier": 1.9125530190825362,
  "prone_recovery_multiplier": 2.2067529024202734,
  "fast_recovery_multiplier": 1.5571895705023402,
  "medium_recovery_multiplier": 0.9121995454688845,
  "slow_recovery_multiplier": 0.32514704440823217,
  "encumbrance_speed_penalty_coeff": 0.3601995442433974,
  "encumbrance_stamina_drain_coeff": 1.652459767039376,
  "load_recovery_penalty_coeff": 0.000127468002542204,
  "posture_crouch_multiplier": 1.6073091696189146,
  "posture_prone_multiplier": 3.480221406076429,
  "sprint_speed_boost": 0.22650198194112875,
  "recovery_nonlinear_coeff": 0.6051250233524179,
  "max_recovery_per_tick": 0.0004668659611071934,
  "willpower_threshold": 0.30140951461856386,
  "sprint_enable_threshold": 0.23036141255771303,
  "_metrics": {
    "combat_endurance": 0.15925637330194653,
    "recovery_efficiency": 0.0,
    "parameter_realism": 6.958192595945836
  },
  "_philosophy": "combat+recovery 联合最小 → 最拟真/最硬核（EliteStandard 预设）"
}