{
  "version": "3.0.0",
  "description": "RSS 多目标优化配置（Optuna 贝叶斯优化）",
  "optimization_method": "Optuna (TPE)",
  "parameters": {
    "energy_to_stamina_coeff": 2.125294786372883e-05,
    "base_recovery_rate": 0.00015579304628408279,
    "standing_recovery_multiplier": 1.383327522892414,
    "prone_recovery_multiplier": 2.1220861618708073,
    "load_recovery_penalty_coeff": 0.0002907943073255877,
    "load_recovery_penalty_exponent": 1.1715504412036568,
    "encumbrance_speed_penalty_coeff": 0.26945864482928983,
    "encumbrance_stamina_drain_coeff": 1.1061329510390194,
    "sprint_stamina_drain_multiplier": 3.9502008242013478,
    "fatigue_accumulation_coeff": 0.011540527859350086,
    "fatigue_max_factor": 1.6963121790702973,
    "aerobic_efficiency_factor": 0.9457218718787814,
    "anaerobic_efficiency_factor": 1.4374676300809284,
    "recovery_nonlinear_coeff": 0.5761020833828109,
    "fast_recovery_multiplier": 3.762540821046687,
    "medium_recovery_multiplier": 1.5914750147716668,
    "slow_recovery_multiplier": 0.7277263073161311,
    "marginal_decay_threshold": 0.8938422059023287,
    "marginal_decay_coeff": 1.120426322169754,
    "min_recovery_stamina_threshold": 0.1763283209462675,
    "min_recovery_rest_time_seconds": 14.974878010728185,
    "sprint_speed_boost": 0.29487592144430724,
    "posture_crouch_multiplier": 1.9276080204094699,
    "posture_prone_multiplier": 2.6320800879752513,
    "jump_stamina_base_cost": 0.026853249448979308,
    "vault_stamina_start_cost": 0.019708802836512294,
    "climb_stamina_tick_cost": 0.011182187250478832,
    "jump_consecutive_penalty": 0.5578459042788944,
    "slope_uphill_coeff": 0.0709828874195882,
    "slope_downhill_coeff": 0.035410067703395554,
    "swimming_base_power": 20.57095384156774,
    "swimming_encumbrance_threshold": 23.001678247854997,
    "swimming_static_drain_multiplier": 3.4500240411606566,
    "swimming_dynamic_power_efficiency": 2.170739206503934,
    "swimming_energy_to_stamina_coeff": 5.619459512119202e-05,
    "env_heat_stress_max_multiplier": 1.2133586712156945,
    "env_rain_weight_max": 7.703977922050264,
    "env_wind_resistance_coeff": 0.06136992672614519,
    "env_mud_penalty_max": 0.46424529278511484,
    "env_temperature_heat_penalty_coeff": 0.015318761363237215,
    "env_temperature_cold_recovery_penalty_coeff": 0.04297970518565167
  }
}