{
  "energy_to_stamina_coeff": 1.286321756320459e-07,
  "base_recovery_rate": 0.00010354325422311898,
  "standing_recovery_multiplier": 0.8520908792284029,
  "crouching_recovery_multiplier": 1.67834647715946,
  "prone_recovery_multiplier": 1.995156014835865,
  "fast_recovery_multiplier": 1.7122562238184726,
  "medium_recovery_multiplier": 0.9847520187411912,
  "slow_recovery_multiplier": 0.36268604637131546,
  "encumbrance_speed_penalty_coeff": 0.2851582445293833,
  "encumbrance_stamina_drain_coeff": 2.48803027420226,
  "load_recovery_penalty_coeff": 0.00011838447040804292,
  "posture_crouch_multiplier": 2.912595745442086,
  "posture_prone_multiplier": 3.6539227922685806,
  "sprint_speed_boost": 0.23402862053533913,
  "recovery_nonlinear_coeff": 0.47956905120736754,
  "max_recovery_per_tick": 0.00041931163925267977,
  "willpower_threshold": 0.36511374053074747,
  "sprint_enable_threshold": 0.2267001603685779,
  "_metrics": {
    "combat_ease": 0.6923404714376247,
    "recovery_ease": 0.001759143934008914,
    "parameter_realism": 1.8906526634412473
  },
  "_philosophy": "高 combat_ease + 高 recovery_ease → 战斗最宽容",
  "v5_sprint_speed_ms": 4.5
}
